"","goodsname","goodsprice"
"1",오리지널닭가슴살110G,2900
"2",훈제닭가슴살110G,2900
"3",배스킨라빈스)민트초코우유,1200
"4",배스킨라빈스)스트로베리우유,1200
"5",배스킨라빈스)쿠키앤크림우유,1200
"6",서울)강릉커피너티크림라떼250ML,2500
"7",서울)강릉커피라떼250ML,2500
"8",대림)양꼬치맛에꼬치다100G,2500
"9",오리지널닭가슴살110G,2900
"10",훈제닭가슴살110G,2900
"11",배스킨라빈스)민트초코우유,1200
"12",배스킨라빈스)스트로베리우유,1200
"13",배스킨라빈스)쿠키앤크림우유,1200
"14",서울)강릉커피너티크림라떼250ML,2500
"15",서울)강릉커피라떼250ML,2500
"16",대림)양꼬치맛에꼬치다100G,2500
"17",팜트리)샤인머스캣향스파클링,1300
"18",팜트리)블랙사파이어향스파클링,1300
"19",태양건조오징어60G(국내산),8900
"20",고품격)안창살구이300G(냉동),9900
"21",고품격)토시살구이300G(냉동),9900
"22",고품격)허브항정살300G(냉동),9900
"23",돌)건망고(80G/봉),4500
"24",돌)망고컵198G,2700
"25",돌)복숭아컵198G,2700
"26",돌)파인애플컵198G,2700
"27",황태리1번지30G,4900
"28",납딱한오다리25G,3800
"29",대구노가리30G,3800
"30",도톰한오징어25G,3800
"31",그대로꿀담은홍삼절편,2500
"32",그대로쫀득고구마(100G),4200
"33",꿀머군고구마(120G/봉),2800
"34",디핀다트)우도땅콘,2000
"35",동원)상상육포40G(비프앤치즈),5900
"36",동원)상상육포40G(스테이크),5900
"37",동원)상상육포40G(안심),5900
"38",동원)상상육포클래식40G,5900
"39",세아)구운아귀꼬리포2입,5900
"40",세아)리얼다크캐슈넛40G,2500
"41",세아)체다치즈캐슈넛,2500
"42",스위디)카라멜푸딩(1입),2000
"43",스위디)커스타드푸딩(1입),2000
"44",더스윗)틱톡꿀젤리흑당달고나,3000
"45",더스윗)틱톡젤리딸기3000,3000
"46",더스윗)틱톡젤리포도3000,3000
"47",풀무원)잇츠프로틴그레인260ML,2500
"48",풀무원)잇츠프로틴디카페라떼260,2500
"49",풀무원)잇츠프로틴초코260ML,2500
"50",리치)치즈킬바사후랑크90G,2000
"51",리치)킬바사후랑크90G,2000
"52",롯데)칠성사이다제로캔355ML,1900
"53",롯데)칠성사이다캔355ML,1900
"54",태원)트위스트앤드링크사과200,1500
"55",태원)트위스트앤드링크오렌지200,1500
"56",롯데)더하다보리차500ML,2000
"57",롯데)더하다옥수수수염차500ML,2000
"58",롯데)칠성사이다플러스500ML,2500
"59",풀무원)납작지짐만두700G,9000
"60",풀무원)얇은피고기만두160G,3500
"61",풀무원)얇은피김치만두160G,3500
"62",해태)고향만두415G,4800
"63",해태)고향만두김치450G,4800
"64",허쉬)가나슈녹차파인트474ML,10900
"65",허쉬)가나슈바닐라파인트474ML,10900
"66",허쉬)가나슈초코파인트474ML,10900
"67",서주)톡한입베어꿀젤리허니레몬,3000
"68",서주)비밀젤리1500,1500
"69",서주)탱글탱글젤리(리치)2000,2000
"70",서주)탱글탱글젤리(망고)2000,2000
"71",미성)에그롤스파이시(8입)280G,5600
"72",미성)에그롤커리(8입)280G,5600
"73",삼립)잼있는딸기쿠키,1000
"74",삼립)잼있는사과쿠키,1000
"75",삼립)오븐카카오파운드,1200
"76",삼립)초코블랑,1200
"77",삼립)방앗간찹쌀떡,1500
"78",삼립)신선가득꿀호떡,1900
"79",Y)페이스4일회용면도기1입,1900
"80",세이프크린)KF94방역마스크(5입),12000
"81",대상)도가니탕450G,6400
"82",대상)소머리곰탕450G,6400
"83",이디야)스페셜골드블렌드20입,4800
"84",이디야)스페셜모카블렌드20입,4800
"85",정화)정품오징어30G,5300
"86",정화)부드러운단짠어포20G,1800
"87",정화)안주국가대표(김포왕)68G,5900
"88",정화)시네마오땅70G,5000
"89",동원)상상리챔육포(스파이시)40G,5000
"90",동원)상상리챔육포(오리지널)40G,5000
"91",동원)리챔340G,7400
"92",동원)리챔200G,5800
"93",동원)리챔더블라이트200G,5800
"94",동원)매운리챔200G,5800
"95",동원)트러플리챔200G,5800
"96",동원)리챔120G,3500
"97",동원)큐브참치(고소로제)160G,5500
"98",동원)큐브참치(매콤고추)160G,5500
"99",동원)큐브참치(볼케이노)160G,5500
"100",동원)고추참치150G,4000
"101",동원)야채참치150G,4000
"102",동원)라이트스탠다드아트캔135G,3700
"103",쉐푸드)까르보나라스파게티,4300
"104",쉐푸드)볼로네이즈스파게티,4300
"105",동원)양반명품김자반50G,3900
"106",동원)양반김(들기름김)5G,600
"107",동원)양반전통김17G,1500
"108",동원)양반도가니설렁탕460G,7900
"109",동원)양반우거지감자탕460G,7900
"110",동원)양반차돌된장찌개460G,7900
"111",동원)양반소고기미역국460G,5900
"112",동원)양반차돌육개장460G,5900
"113",동원)양반단호박죽285G,4500
"114",동원)양반밤단팥죽285G,4500
"115",동원)양반야채죽285G,4500
"116",동원)양반영양닭죽285G,4500
"117",동원)양반참치죽285G,4500
"118",담터)아몬드호두율무차원컵,1500
"119",담터)허니버터곡물라떼원컵,1500
"120",폰타나)로제파스타소스150G,3400
"121",폰타나)뽀모도로파스타소스150G,3400
"122",폰타나)크림파스타소스130G,3400
"123",폰타나)투움바파스타소스130G,3400
"124",샘표)게살푸팟퐁커리170G,4750
"125",샘표)스파이시마살라커리170G,4750
"126",샘표)옐로마살라커리170G,4750
"127",샘표)치킨마크니커리170G,4750
"128",폰타나)로스티드비프수프180G,3800
"129",폰타나)머쉬룸크림수프180G,3800
"130",폰타나)스위트콘크림수프180G,3800
"131",폰타나)포테이토치즈수프180G,3800
"132",길림)허니버터땅콩앤오징어50G,5900
"133",길림)구운양파아몬드30G,2000
"134",길림)군옥수수맛아몬드40G,2000
"135",길림)김맛아몬드40G,2000
"136",길림)마늘빵아몬드40G,2000
"137",길림)와사비맛아몬드40G,2000
"138",길림)인절미아몬드40G,2000
"139",길림)청양마요아몬드40G,2000
"140",길림)카라멜솔티드아몬드40G,2000
"141",길림)쿠키앤크림아몬드40G,2000
"142",길림)허니버터아몬드40G,2000
"143",길림)흑임자아몬드40G,2000
"144",샘표)땡초장조림90G,3400
"145",샘표)버터장조림90G,3400
"146",샘표)불닭볶음장조림80G,3400
"147",샘표)질러직화풍비비큐30G,3500
"148",샘표)질러직화풍비비큐30G(칠리),3500
"149",네슬레)네스퀵초코20입,5000
"150",네스카페)부드러운모카20입,3900
"151",네스카페)수프리모골드20입,4900
"152",티젠)자몽쏙10입,7500
"153",티젠)콤부차10입[D2],7500
"154",리스테린)그린티250ML,5000
"155",리스테린)쿨민트250ML,4300
"156",리스테린)그린티100ML,2100
"157",리스테린)쿨민트마일드100ML,2100
"158",오리온)오그래놀라초코고래밥30G,800
"159",가그린)오리지널380ML,4900
"160",가그린)제로380ML,4900
"161",가그린)라임100ML,1900
"162",가그린)오리지널100ML,1900
"163",리뉴)멀티플러스355ML,7500
"164",리뉴)멀티플러스120ML,3000
"165",리뉴)여행용패키지60ML,3000
"166",질레트)스킨텍면도날2입,22500
"167",질레트)퓨전메뉴얼면도날2입,19300
"168",유동)왕꼬막230G,5900
"169",크리넥스)KF-AD컴포트핏마스크,1100
"170",사조)365육포30G(구운),3800
"171",사조)365육포30G(숯불바베큐),3800
"172",사조)365육포30G(오리지널),3800
"173",사조)살코기참치150G,3900
"174",사조)살코기참치100G,2900
"175",해표)김이봉10G,1000
"176",매일)셀렉스프로틴너츠바50G,1600
"177",오뚜기)쌀떡국166G,3500
"178",오뚜기)열떡볶이194G,3500
"179",오뚜기)사골곰탕500G,1900
"180",오뚜기)LA갈비덮밥(컵밥),4500
"181",오뚜기)김치참치덮밥(컵밥),4500
"182",오뚜기)쇠고기미역국밥(컵밥),3900
"183",오뚜기)수원식갈비탕밥311G(컵밥,4500
"184",오뚜기)중화XO게살덮밥(컵밥),4500
"185",오뚜기)참치마요덮밥(컵밥),4500
"186",오뚜기)톡톡김치알밥(컵밥),4500
"187",유어스(P)황제컵밥(컵밥),4500
"188",오뚜기)단호박죽285G,4500
"189",오뚜기)쇠고기죽285G,4500
"190",오뚜기)영양닭죽285G,4500
"191",오뚜기)전복죽285G,4500
"192",오뚜기)통단팥죽285G,4500
"193",쁘띠에어)밀크산딸기푸딩(1입),3200
"194",쁘띠에어)초코바나나푸딩(1입),3200
"195",쁘띠에어)치즈커피푸딩(1입),3200
"196",홈위드)수제초코쿠키,1500
"197",홈위드)수제화이트쿠키,1500
"198",롯데)녹차크림단팥빵,1600
"199",롯데)초코크림단팥빵,1600
"200",티블링)레몬그라스진저500ML,2500
"201",티블링)캐모마일피치500ML,2500
"202",매일)셀렉스프로틴드링크330ML,2900
"203",매일)셀렉스프로틴복숭아330ML,2900
"204",일화)천연사이다350ML,1200
"205",일화)맥콜500ML,1900
"206",일화)맥콜250ML,1400
"207",종근당)속청쿨75ML,1000
"208",한독)레디큐120ML,5000
"209",정식품)국산검은콩두유병190ML,1600
"210",정식품)검은콩고칼슘두유병190ML,1500
"211",정식품)아몬드호두두유병190ML,1500
"212",동아)오란씨파인비타민C350ML,1400
"213",동아)컨피던스병230ML,1500
"214",동아)나랑드사이다제로500ML,2000
"215",종근당)락토조이오늘비움80ML,3800
"216",해태)강원평창수2.0L,1500
"217",해태)평창수프리미엄500ML,950
"218",해태)아침에사과한개500ML,1800
"219",해태)갈배사이다PET500ML,2100
"220",해태)갈아만든배500ML,2000
"221",조지아)고티카빈티지라떼270ML,2200
"222",조지아)고티카빈티지블랙270ML,2200
"223",조지아)고티카스위트아메270ML,2200
"224",코카)흑당밀크티270ML,2200
"225",조지아)맥스커피240ML,1200
"226",조지아)카페라떼240ML,1200
"227",글라소)에너지500ML,2000
"228",글라소)파워씨500ML,2000
"229",코카)태양의마테차500ML,1400
"230",코카)환타오렌지PET600ML,2000
"231",코카)환타파인PET600ML,2000
"232",광동)흑미차500ML,2000
"233",광동)유자쌍화150ML,1500
"234",광동)옥수수수염차이너브이500ML,2000
"235",광동)대추쌍화150ML,1500
"236",광동)비타500로열폴리스120ML,1500
"237",광동)진한헛개차1L,2200
"238",광동)진한헛개차500ML,1800
"239",광동)옥수수수염차500ML,1600
"240",웅진)자연은토마토340ML,1600
"241",웅진)초록매실340ML,1600
"242",유어스)샤인머스캣500ML,2000
"243",유어스)웅진팥차500ML,1600
"244",웅진)광명찾은결명자차500ML,1600
"245",웅진)옥수수수염차500ML,1600
"246",웅진)티즐유자그린티500ML,2000
"247",웅진)티즐피치우롱티500ML,2000
"248",OKF)그린스무디350ML,2000
"249",OKF)옐로우스무디350ML,2000
"250",OKF)알로에베라킹500ML,2000
"251",OKF)워터멜론500ML,2000
"252",남양)십칠차500ML,1600
"253",매일)바리스타그란데(라떼)475ML,2500
"254",매일)바리스타그란데(아메)475ML,2500
"255",매일)두유식이섬유190ML,1000
"256",팜트리)궁중산삼배양근100ML,2800
"257",팜트리)궁중발효홍삼100ML,2200
"258",롯데)칠성사이다제로500ML,2200
"259",진로)토닉워터제로300ML,1500
"260",하이트)블랙보리520ML,1600
"261",하이트)블랙보리라이트520ML,1600
"262",롯데)숙취해소깨수깡160ML,5000
"263",롯데)핫식스250ML,1500
"264",롯데)트레비라임500ML,1800
"265",롯데)트레비레몬500ML,1800
"266",롯데)트레비자몽500ML,1800
"267",에비앙생수500ML,1900
"268",롯데)아이시스8.0(2.0L),1700
"269",롯데)아이시스에코2L-PLU판매,1600
"270",롯데)아이시스에코500ML-PLU판매,900
"271",립톤)복숭아아이스티500ML,1700
"272",칸타타)콘트라베이스라떼PET500,2500
"273",칸타타)콘트라베이스블랙PET500,2500
"274",칸타타)콘트라베이스스윗PET500,2500
"275",칸타타)땅콩크림라떼275ML,2200
"276",칸타타)아메리카노275ML(NB캔),2200
"277",칸타타)콜드브루블랙275ML(NB캔),2200
"278",칸타타)프리미엄라떼275ML(NB캔),2200
"279",레쓰비)카페타임아메리카노240ML,1200
"280",레쓰비)카페타임헤이즐넛240ML,1200
"281",롯데)제주사랑제주감귤500ML,1900
"282",트로피카나)스파클링망고355ML,1300
"283",트로피카나)스파클링복숭아355ML,1300
"284",HK)헛개수1L,2500
"285",HK)헛개수500ML,2000
"286",HK)헛개수340ML,1500
"287",HK)컨디션100ML,5000
"288",HK)컨디션레이디100ML,5000
"289",농심)웰치스포도탄산355ML,1200
"290",농심)카프리썬사파리200ML,1000
"291",농심)카프리썬오렌지200ML,1000
"292",농심)백산수500ML,950
"293",농심)백산수2L,1700
"294",동원)양반오미자차500ML,2200
"295",유어스(P)지리산하동녹차500ML,2000
"296",동원)보성녹차PET350ML,1200
"297",코카)태양의식후비법W차500ML,1800
"298",유어스)하늘가득사과330ML,1800
"299",유어스)하늘가득수박330ML,1800
"300",유어스)하늘가득유자레몬330ML,1800
"301",유어스)하늘가득자몽330ML,1800
"302",동서)마스터라떼500ML,2600
"303",동서)마스터바닐라500ML,2600
"304",동서)마스터블랙500ML,2600
"305",동서)마스터스위트블랙500ML,2600
"306",동서)콜롬비아나블랙240ML,1300
"307",동서)콜롬비아나아메리카노240ML,1300
"308",동서)콜롬비아나카페라떼240ML,1300
"309",맥심)TOP더블랙275ML,2400
"310",맥심)TOP마스터라떼275ML,2400
"311",맥심)TOP스모키라떼275ML,2400
"312",맥심)TOP스모키블랙275ML,2400
"313",맥심)TOP스위트아메리카노275ML,2400
"314",농심)배홍동비빔면(봉지),1050
"315",농심)쿡탐부대찌개면(대컵),3800
"316",농심)렌지땡뚝불면(대컵),1800
"317",농심)너구리큰사발,1700
"318",농심)무파마큰사발,1700
"319",농심)신라면블랙사발,1700
"320",농심)오징어짬뽕큰사발,1700
"321",농심)앵그리짜파구리큰사발,1600
"322",농심)카구리큰사발,1600
"323",농심)너구리소컵,1000
"324",삼양)짜짜로니(대컵),1200
"325",삼양)4가지치즈불닭볶음면(대컵),1600
"326",삼양)까르보불닭볶음면(대컵),1600
"327",삼양)로제불닭볶음면(대컵),1600
"328",삼양)바담뽕(봉지),1600
"329",오뚜기)진비빔면(봉지),1150
"330",오뚜기)스낵면(봉지),750
"331",오뚜기)순두부진짬뽕(대컵),2300
"332",오뚜기)진짬뽕(대컵),1800
"333",오뚜기)열라면(대컵),1100
"334",오뚜기)참깨라면(소컵),1100
"335",오뚜기)육개장(소컵),950
"336",팔도)킹뚜껑(대컵),1500
"337",팔도)왕뚜껑(대컵),1250
"338",마즈)몰티져스밀크3500,3500
"339",마즈)이클립스소프트레몬1500,1500
"340",마즈)이클립스소프트청포도1500,1500
"341",마즈)이클립스스트로베리2500,2500
"342",마즈)이클립스스피어민트2500,2500
"343",마즈)이클립스페퍼민트2500,2500
"344",마즈)이클립스피치2500,2500
"345",마즈)스키틀즈사우워1000,1000
"346",마즈)스키틀즈오리지널1000,1000
"347",마즈)스키틀즈요거트1000,1000
"348",마즈)엠앤엠즈블록밀크1500,1500
"349",마즈)엠앤엠즈블록크리스피1500,1500
"350",마즈)트윅스탑싱글700,700
"351",마즈)트윅스미니사이즈300,300
"352",마즈)스니커즈미니500,500
"353",마즈)스니커즈헤이즐넛1900,1900
"354",마즈)스니커즈크리스퍼1200,1200
"355",마즈)스니커즈피넛싱글1200,1200
"356",퍼페티)츄파춥스250,250
"357",미성)허쉬다크&화이트칩1500,1500
"358",미성)허쉬다크(블루베리맛)1500,1500
"359",미성)허쉬다크(석류맛)1500,1500
"360",미성)허쉬미스터굿바1500,1500
"361",미성)허쉬후퍼스1500,1500
"362",미성)실카아몬드초콜릿1000,1000
"363",미성)실카크리스피초콜릿1000,1000
"364",델리팜)앤디스민트1500,1500
"365",델리팜)앤디스토피크런치1500,1500
"366",네슬레)킷캣오리지널800,800
"367",네슬레)킷캣쿠키크럼블800,800
"368",동아)박카스맛젤리(신맛)1200,1200
"369",동아)박카스맛젤리1200,1200
"370",농심)린도볼어쏘티드4입3000,3000
"371",농심)린도볼밀크3입2300,2300
"372",해태)자유시간들1500,1500
"373",해태)연양갱(흑임자)900,900
"374",해태)연양갱900,900
"375",해태)자유시간골드1000,1000
"376",해태)자유시간아몬드1000,1000
"377",더스윗)접어먹는캔디(망고),2000
"378",더스윗)접어먹는캔디(블루베리),2000
"379",훼밀리)아폴로700,700
"380",오리온)비틀즈700,700
"381",오리온)마이구미(청포도)1000,1000
"382",오리온)마이구미복숭아1000,1000
"383",오리온)통아몬드캔디,2000
"384",오리온)꼬물탱1200,1200
"385",오리온)더탱글마이구미1200,1200
"386",일신)구미초코볼딸기1800,1800
"387",일신)구미초코볼포도1800,1800
"388",크라운)새콤달콤(딸기)500,500
"389",크라운)새콤달콤(레모네이드)500,500
"390",크라운)새콤달콤(복숭아)500,500
"391",크라운)새콤달콤(포도)500,500
"392",크라운)새콤달콤블루베리소다500,500
"393",크라운)땅콩카라멜2000,2000
"394",크라운)마이쮸딸기1500,1500
"395",크라운)마이쮸포도1500,1500
"396",선우)톡톡딸기젤리1000,1000
"397",선우)톡톡망고젤리1000,1000
"398",선우)톡톡볼젤리복숭아1000,1000
"399",선우)톡톡볼젤리사과1000,1000
"400",에이치)엔고스초코바(쿠앤크)700,700
"401",에이치)엔고스초코바(피넛)700,700
"402",흥선)아이스붐딸기맛1500,1500
"403",흥선)아이스붐레몬맛1500,1500
"404",흥선)아이스붐복숭아맛1500,1500
"405",흥선)아이스붐자몽맛1500,1500
"406",흥선)밀카레오1300,1300
"407",흥선)밀카스트로베리2900,2900
"408",흥선)밀카칩스아호이2900,2900
"409",몬델리즈)호올스라임1000,1000
"410",몬델리즈)호올스멘토립투스1000,1000
"411",몬델리즈)호올스블루베리1000,1000
"412",몬델리즈)호올스아이스블루1000,1000
"413",몬델리즈)호올스오렌지1000,1000
"414",몬델리즈)호올스자몽1000,1000
"415",몬델리즈)호올스하니레몬1000,1000
"416",롯데)왓따딸기500,500
"417",롯데)왓따복숭아500,500
"418",롯데)왓따청포도500,500
"419",롯데)왓따콜라500,500
"420",롯데)왓따판박이500,500
"421",롯데)허쉬초코튜브헤이즐넛800,800
"422",롯데)아이스브레이커스체리듀오,3500
"423",허쉬)아이스브레이커듀오딸기,3500
"424",허쉬)아이스브레이커베리3500,3500
"425",허쉬)아이스브레이커쿨민트3500,3500
"426",허쉬)밀크초콜릿1500,1500
"427",허쉬)아몬드초콜릿1500,1500
"428",허쉬)쿠키앤민트초콜릿1500,1500
"429",허쉬)쿠키앤초코초콜릿1500,1500
"430",허쉬)쿠키앤크림초콜릿1500,1500
"431",롯데)가나앙상블다크쇼콜라3000,3000
"432",롯데)가나앙상블휘앙티누3000,3000
"433",롯데)크런키초콜릿1000,1000
"434",롯데)ABC초코2500,2500
"435",롯데)가나다크밀크2000,2000
"436",롯데)가나마일드2000,2000
"437",롯데)가나밀크2000,2000
"438",롯데)청포도캔디2500,2500
"439",롯데)수박바아이스톡톡젤리2500,2500
"440",롯데)죠스바아이스톡톡젤리2500,2500
"441",롯데)메론먹은죠스바젤리1200,1200
"442",롯데)포도먹은구미1200,1200
"443",이멕스)스폰지밥캔디1500,1500
"444",에이스)봉평메밀소바칩45G,1500
"445",오리온)초코파이해피쇼콜라[D2],6000
"446",오리온)후레쉬베리3300,3300
"447",오리온)참붕어빵4200,4200
"448",오리온)치즈뿌린치킨팝1000,1000
"449",오리온)치킨팝(닭강정)1000,1000
"450",TDF)메이지패밀리도넛130G,2900
"451",청우)쫀득초코칩1500,1500
"452",농심)새우깡블랙80G,2000
"453",농심)감자깡75G,1600
"454",농심)고구마깡83G,1600
"455",농심)바나나킥팝콘70G,1600
"456",농심)옥수수깡팝콘70G,1600
"457",로아카)밀크웨하스1500,1500
"458",로아카)바닐라웨하스1500,1500
"459",로아카)치즈웨하스45G,1500
"460",로아카)카카오웨하스1500,1500
"461",GS)토렌웨이퍼초콜릿(다크),900
"462",GS)토렌웨이퍼초콜릿(밀크),900
"463",폴트)딸기타르트2500,2500
"464",폴트)초콜릿헤이즐넛타르트2500,2500
"465",위스트)보구티아메리칸쿠키135G,2500
"466",위스트)보구티피넛쿠키150G,2500
"467",삼양)사또밥1300,1300
"468",삼양)짱구1300,1300
"469",오레오)웨하스스틱초코75G,2800
"470",동서)오레오초코크림100G,1900
"471",동서)오레오화이트크림100G,1900
"472",흥선)다크와플밀크크림45G,1300
"473",롯데)치토스(매콤달콤)1500,1500
"474",롯데)치토스스모키바베큐1500,1500
"475",롯데)도리토스(갈비천왕)1500,1500
"476",롯데)도리토스(나쵸치즈맛)1500,1500
"477",롯데)도리토스양념치킨맛84G,1500
"478",롯데)프로스펙스초단백질바1200,1200
"479",롯데)프로스펙스초에너지바1200,1200
"480",롯데)쌀로별1500,1500
"481",롯데)쌀로별진짜새우65G,1500
"482",롯데)오잉1500,1500
"483",롯데)오잉포차꾸잉칩60G,1500
"484",롯데)카스타드오리지날138G,3500
"485",롯데)빠다코코낫1700,1700
"486",롯데)샌드오리지날1700,1700
"487",롯데)샌드카페크런치102G,1700
"488",롯데)제크가나초코샌드74G,1700
"489",롯데)까망씨리얼40G,1000
"490",롯데)까망칸쵸바닐라47G,1000
"491",롯데)칸쵸1000,1000
"492",롯데)누드빼빼로1500,1500
"493",롯데)아몬드빼빼로1500,1500
"494",롯데)초코빼빼로1500,1500
"495",롯데)크런키빼빼로1500,1500
"496",롯데)화이트쿠키빼빼로1500,1500
"497",갓생)동원고추참치맛감자칩50G,1500
"498",갓생)동원리챔맛감자칩50G,1500
"499",갓생)동원야채참치맛감자칩50G,1500
"500",해태)맛동산2000,2000
"501",해태)신당동떡볶이(연탄불고기),1500
"502",해태)신당동떡볶이110G,1500
"503",해태)샌드에이스(찐초코)68G,1700
"504",해태)에이스121G,1700
"505",해태)초코홈런볼46G,1700
"506",해태)홈런볼그릭요거트46G,1700
"507",크라운)버터와플3000,3000
"508",크라운)쿠크다스3000,3000
"509",크라운)쿠크다스비엔나커피3000,3000
"510",크라운)못말리는신짱1500,1500
"511",크라운)츄러스허니시나몬맛1500,1500
"512",크라운)카라멜콘메이플1500,1500
"513",크라운)콘칩핫멕시칸70G,1500
"514",CJ)맛밤80G,3500
"515",CJ)스팸340G,7800
"516",CJ)스팸200G,5800
"517",CJ)스팸25%라이트200G,5800
"518",CJ)스팸120G,3800
"519",삼립)동물복지캔햄200G[D2],5500
"520",코주부)의성마늘육포40G,4200
"521",코주부)해남고구마육포40G,4200
"522",미성)맛있꾼먹태청양마요맛30G,3900
"523",미성)맛있꾼먹태허니버터맛30G,3900
"524",진주)천하장사육포갈릭45G,4800
"525",신화)구운쥐치포20G,1500
"526",신화)대왕오징어다리50G,5900
"527",켈로그)베리앤넛에너지바1400,1400
"528",켈로그)프로틴바30G,1400
"529",켈로그)첵스초코오리지널,1200
"530",켈로그)크런치넛에너지바1200,1200
"531",삼양)로제불닭납작당면169G,3500
"532",삼양)까르보불닭떡볶이179G,3000
"533",삼양)불닭떡볶이185G,3000
"534",Y(P)오모리김치찌개떡국187G,3500
"535",CJ)누룽지닭백숙죽280G,4500
"536",CJ)비비고단호박죽280G,4500
"537",CJ)비비고버섯야채죽280G,4500
"538",CJ)비비고새우계란죽280G,4500
"539",CJ)비비고소고기죽280G,4500
"540",CJ)비비고통단팥죽280G,4500
"541",CJ)비비고소고기미역국300G,4500
"542",CJ)비비고한우사골곰탕500G,3200
"543",CJ)비비고돼지고기김치찌개460G,7200
"544",CJ)비비고스팸부대찌개460G,7200
"545",CJ)비비고차돌된장찌개460G,7200
"546",CJ)비비고소고기미역국500G,5400
"547",CJ)비비고육개장500G,5400
"548",CJ)비비고콩나물황태국500G,5400
"549",CJ)BIG간장삼겹덮밥(컵밥),5400
"550",CJ)BIG김치날치알밥(컵밥),5400
"551",CJ)BIG김치삼겹덮밥(컵밥),5400
"552",CJ)BIG스팸김치덮밥(컵밥),5400
"553",CJ)BIG스팸마요덮밥(컵밥),5400
"554",CJ)BIG치즈닭갈비덮밥(컵밥),5400
"555",CJ)BIG치킨마요덮밥(컵밥),5400
"556",CJ)햇반미역국밥(컵밥),4200
"557",CJ)햇반사골곰탕국밥(컵밥),4200
"558",CJ)햇반육개장국밥(컵밥),4200
"559",CJ)햇반황태국밥(컵밥),4200
"560",CJ)공화춘자장덮밥(컵밥),4800
"561",CJ)공화춘짬뽕국밥(컵밥),4800
"562",CJ)스팸김치덮밥(컵밥),4800
"563",CJ)스팸콘치즈덮밥(컵밥),4800
"564",CJ)햇반강된장보리비빔밥(컵밥),4800
"565",CJ)햇반김치날치알밥(컵밥),4800
"566",CJ)햇반낙지콩나물비빔밥(컵밥),4800
"567",CJ)햇반버터장조림비빔밥,4800
"568",CJ)햇반불고기덮밥(컵밥),4800
"569",CJ)햇반불닭마요덮밥(컵밥),4800
"570",CJ)햇반스팸마요덮밥(컵밥),4800
"571",CJ)햇반제육덮밥(컵밥),4800
"572",CJ)햇반참치마요덮밥(컵밥),4800
"573",CJ)햇반치킨마요덮밥(컵밥),4800
"574",CJ)햇반(발아현미밥)210G,2600
"575",CJ)햇반(오곡밥)210G,2600
"576",CJ)햇반(찰잡곡밥)210G,2600
"577",CJ)햇반(현미쌀밥)210G,2600
"578",CJ)햇반(흑미밥)210G,2600
"579",CJ)햇반매일잡곡밥210G,2600
"580",CJ)햇반반공기130G,1600
"581",CJ)햇반(원형)210G,1950
"582",CJ)햇반(구수한쌀밥)210G,2400
"583",만전)미니언즈김자반(1포)[D2],900
"584",만전)김밥김(10매),2600
"585",바이오)허니자몽블랙티원컵,1500
"586",페리오휴대용치약칫솔세트,3500
"587",페리오)덴탈쿨링마우스스프레이,3500
"588",샤프란)핑크센세이션1L,3900
"589",쏘피)볼록맞춤중형4P,1700
"590",LIF)옥수수밀크180ML,1100
"591",파)쾌변(골드키위)150ML,1700
"592",파)쾌변요구르트(사과)150ML,1700
"593",푸르밀)웰치사과에이드250ML,1500
"594",푸르밀)웰치포도에이드250ML,1500
"595",푸르밀)칼로바이초코250ML,2500
"596",푸르밀)설빙인절미라떼250ML,2300
"597",푸르밀)설빙흑임자라떼250ML,2300
"598",푸르밀)카페베네카페라떼컵200ML,1600
"599",푸르밀)카페베네카페모카컵200ML,1600
"600",다논)요거톡스타볼133G,1400
"601",다논)요거톡초코그래놀라130G,1400
"602",다논)액티비아업딸기210ML,2000
"603",다논)액티비아업복숭아210ML,2000
"604",다논)액티비아업플레인210ML,2000
"605",유어스)세이퓨볼펜0.7(검정),1300
"606",유어스)세이퓨보드마카,1100
"607",유어스)세이퓨네임펜,1100
"608",더리얼)저키한우간20G,2400
"609",더리얼)크리미DOG오리&닭가슴살,3300
"610",더리얼크리미DOG연어&닭가슴살50,3300
"611",하림)애견사료(연어)200G,4200
"612",그르르)고구마오리말이80G,3900
"613",그르르)고구마치킨말이80G,3900
"614",그르르)닭가슴살스틱80G,3900
"615",그르르)오리가슴살스틱80G,3900
"616",그르르)오리말이우유껌80G,3900
"617",그르르)치킨말이우유껌80G,3900
"618",그르르)치킨말이치즈우유껌80G,3900
"619",그르르)훈제오리슬라이스80G,3900
"620",동물농장)소고기&스피루리나스틱,3500
"621",동물농장)황태&클로렐라소프트,3500
"622",동물농장)연어&프로바이오틱스,3500
"623",동물농장)캣스틱닭가슴살&연어,3500
"624",동물농장)캣스틱닭가슴살&참치,3500
"625",유어스)그르르냐옹스틱(닭가슴),900
"626",유어스)그르르냐옹스틱(연어),900
"627",유어스)그르르냐옹스틱(참치),900
"628",동물농장)치킨말이치즈50G,4900
"629",골드로니)순살스틱4P(닭가슴살),3600
"630",골드로니)순살스틱4P(연어),3600
"631",골드로니)순살스틱4P(오리안심),3600
"632",그르르)닭가슴살22G(게살맛),1000
"633",유어스)동물농장황태슬라이스,3300
"634",동원)뉴트리플랜흰살참치와멸치,1500
"635",동원)뉴트리플랜흰살참치와치즈,1500
"636",동원)애묘캔-흰살참치와닭가슴살,1500
"637",동원)애묘파우치(참치와연어)80G,1500
"638",유어스)동물농장애묘습식(멸치),1500
"639",유어스)동물농장애묘습식(참치),1500
"640",프리스키)파티믹스비치(60G),4500
"641",프리스키)파티믹스클래식(60G),4500
"642",알포1.5KG(성견용),13900
"643",시저)심플리크래프티드(닭고기),3000
"644",시저)심플리크래프티드(쇠고기),3000
"645",삼립)육즙가득부어스트140G,3200
"646",갓생)와사비소스에빠진크래미,2800
"647",한성)숯불구이맛후랑크70G,1700
"648",한성)몬스터크랩72G,2000
"649",한성)크래미90G,2400
"650",진주)천하장사BIG70G,2200
"651",진주)천하장사50G,1800
"652",풀무원)고단백두부바60G,2500
"653",CJ)맥스봉소시지150G,3000
"654",CJ)맥스봉치즈70G,2200
"655",CJ)닭가슴살스테이크100G,2900
"656",CJ)닭가슴살소시지(청양)80G,2300
"657",CJ)닭가슴살소시지80G,2300
"658",CJ)맥스봉갈릭후랑크80G,2300
"659",CJ)맥스봉숯불구이맛핫바90G,2300
"660",CJ)직화구이꼬치바(청양)90G,2300
"661",롯데)키스틱55G,1800
"662",유어스)강철부대빅팜60G,1800
"663",대림)한입에꼬치다(매운맛)100G,2300
"664",대림)한입에꼬치다100G,2300
"665",대림)블랙페퍼직화닭가슴살115G,3500
"666",대림)샐러리케일직화닭가슴살115,3500
"667",대림)랍스터킹128G,3600
"668",대림)치즈쏙크라비아60G,2200
"669",대림)비엔나에꼬치다90G,2500
"670",소세지어묵바90G,2500
"671",치즈어묵바80G,2500
"672",효성)땡초어묵바80G,2500
"673",에너자이저맥스플러스AAA4입,7900
"674",에너자이저맥스플러스AA4입,7900
"675",에너자이저맥스플러스AAA2입,4300
"676",에너자이저맥스플러스AA2입,4300
"677",대상)안주야직화무뼈닭발160G,8900
"678",대상)안주야직화불막창160G,8900
"679",종가집)맛김치80G,1200
"680",종가집)맛김치130G,2000
"681",종가집)볶음김치80G,1400
"682",종가집)맛김치50G,850
"683",삼립)치킨버터갈릭오븐구이,6900
"684",삼립)치킨히말라야소금구이,6900
"685",삼립)하이면고기국수196G,3800
"686",삼립)하이면장칼국수206G,3800
"687",미니언즈계란2입+케이스(구운란),4900
"688",미니언즈계란2입+케이스(반숙),4900
"689",대림)한입피자고르곤졸라80G,1900
"690",대림)한입피자콤비네이션80G,1900
"691",행복담기)빅츄리2입,1900
"692",행복담기)동의구운란2입,2100
"693",오늘의)매콤시즈닝먹태35G,4800
"694",Y)의성마늘매콤왕교자140G,3900
"695",유어스)유미의세포들왕교자만두,3200
"696",동원)양반쇠고기죽287Ｇ,4500
"697",오뚜기)불고기피자UNO180G,5500
"698",오뚜기)콤비네이션피자UNO195G,5500
"699",오뚜기)딤섬새우슈마이135G,3600
"700",오뚜기)직화닭발150G,9500
"701",오뚜기)새우볶음밥230G,4300
"702",오뚜기)참치김치치즈볶음밥230G,4300
"703",오뚜기)철판감자탕볶음밥230G,4300
"704",오뚜기)컵피자콤비네이션,3800
"705",삼립)페스츄리불고기피자,2500
"706",삼립)페스츄리콤비네이션피자,2500
"707",삼립)페스츄리트러플머쉬룸피자,2500
"708",삼립)페스츄리후랑크소시지피자,2500
"709",삼립)생치즈피자불고기,2700
"710",삼립)생치즈피자콤비네이션,2700
"711",마늘닭근위볶음160G,6900
"712",매콤직화오돌뼈볶음182G,6900
"713",직화야채곱창볶음220G,6900
"714",CJ)가쓰오우동(용기),3500
"715",CJ)얼큰우동221G,3500
"716",CJ)비비고썰은배추김치100G,1600
"717",CJ)비비고김치볶음80G,1600
"718",CJ)비비고썰은배추김치60G,1100
"719",에치와이)핫브루마카다미아모카,2500
"720",에치와이)핫브루바닐라라떼270,2500
"721",에치와이)콜드브루아메리카노270,2000
"722",유어스)마블야쿠르트그랜드450ML,1900
"723",Y)야쿠르트그랜드라이트280ML,1400
"724",유어스)야쿠르트그랜드딸기280ML,1400
"725",콜드비타민플러스오렌지240ML,1400
"726",콜드비타민플러스포도240ML,1400
"727",롯데)오가닉레드비트&배&토마토,1400
"728",롯데)오가닉사과&당근125ML,1400
"729",롯데)오가닉적포도&보라당근,1400
"730",남양)맛있는우유GT딸기300ML,1600
"731",남양)맛있는우유GT초코300ML,1600
"732",남양)맛있는우유GT커피300ML,1600
"733",남양)프렌치몽블랑라떼320ML,2700
"734",남양)프렌치슈크림라떼320ML,2700
"735",남양)프렌치흑임자라떼320ML,2700
"736",남양)FC로스터리돌체연유라떼,2200
"737",남양)FC로스터리블랙글레이즈드,2200
"738",남양)FC로스터리에스프레소라떼,2200
"739",남양)FC로스터리카라멜마끼아또,2200
"740",남양)프렌치카페(카페오레),1700
"741",남양)프렌치카페(카푸치노),1700
"742",남양)프렌치카페카라멜마키아또,1700
"743",맥심)TOP로스티라떼360ML,2500
"744",맥심)TOP플라워피니시라떼360ML,2500
"745",맥심)TOP플라워피니시블랙360ML,2500
"746",맥심)TOP심플리스무스라떼240ML,1900
"747",맥심TOP)스위트아메리카노240ML,1900
"748",맥심TOP)심플리스무스블랙240ML,1900
"749",맥심)TOP너티카라멜라떼300ML,2400
"750",맥심)TOP마일드라떼300ML(컵),2400
"751",맥심)TOP볼드라떼300ML(컵),2400
"752",맥심)TOP에스프레소라떼300ML,2400
"753",맥심)TOP트루블랙300ML(컵),2400
"754",동원)오리진모카라떼300ML,2700
"755",동원)오리진바닐라라떼300ML,2700
"756",동원)오리진아메리카노300ML,2700
"757",덴마크)인포켓치즈썸(2개입)40G,2200
"758",덴마크)인포켓치즈20G,1400
"759",덴마크)인포켓치즈라이트20G,1400
"760",덴마크)슈레드피자치즈25G,1100
"761",갓생기획)노티드라즈베리밀크,1500
"762",갓생기획)노티드바나나밀크300ML,1500
"763",갓생기획)노티드바닐라밀크300ML,1500
"764",덴마크)요거밀왕초코링134G,1500
"765",덴마크)얼라이브망고250ML,1500
"766",덴마크)얼라이브머스캣청포도250,1500
"767",덴마크)얼라이브블러드오렌지250,1500
"768",덴마크)얼라이브스위티자몽250ML,1500
"769",덴마크)딸기딸기우유300ML,1650
"770",덴마크)민트초코우유310ML,1650
"771",덴마크)초코초코우유300ML,1650
"772",덴마크)카페라떼(민트),1650
"773",덴마크)커피커피우유300ML,1650
"774",덴마크)요구르트딸기310ML,2000
"775",덴마크)요구르트베리믹스310ML,2000
"776",덴마크)요구르트복숭아310ML,2000
"777",덴마크)요구르트사과310ML,2000
"778",덴마크)요구르트샤인머스캣310ML,2000
"779",덴마크)요구르트플레인310ML,2000
"780",유어스(P)버터커피250ML,2500
"781",유어스)타이거슈가흑당밀크티300,2500
"782",유어스)타이거슈가흑당카페라떼,2500
"783",덴마크)콩카페연유라떼250ML,2200
"784",덴마크)콩카페코코넛라떼250ML,2200
"785",매일)아몬드브리즈식이섬유190ML,1200
"786",매일)아몬드브리즈초코190ML,1200
"787",매일)아몬드브리즈프로틴190ML,1200
"788",매일)아몬드브리즈언스위트190ML,1000
"789",매일)아몬드브리즈오리지널190ML,1000
"790",매일)바이오드링킹딸기250ML,2000
"791",매일)바이오드링킹블루베리250ML,2000
"792",매일)바이오드링킹플레인250ML,2000
"793",매일)엔요280ML,1400
"794",매일)바이오알로에요거트120G,1500
"795",매일)상하미니칼슘체다치즈48G,2000
"796",매일)상하미니크림치즈48G,2000
"797",매일)과일야채샐러드레드190ML,1800
"798",매일)과일야채샐러드퍼플190ML,1800
"799",매일)우유속에딸기과즙우유300ML,1650
"800",매일)커피속에모카치노300ML,1650
"801",매일)바리스타바닐라빈라떼325ML,2700
"802",매일)바리스타쇼콜라모카325ML,2700
"803",매일)바리스타콜드브루블랙325ML,2700
"804",매일)바리스타플라넬드립라떼325,2700
"805",서울)비요뜨(링크)138G,1500
"806",서울)비요뜨(초코링),1500
"807",서울)비요뜨(초코크리스피)142G,1500
"808",서울)비요뜨(초코팝)143G,1500
"809",서울)비요뜨(쿠키앤크림)136G,1500
"810",서울)비요뜨(크런치볼),1500
"811",서울)아침에주스오렌지210ML,1200
"812",서울)딸기꿀딴지180ML,1100
"813",서울)초코꿀딴지180ML,1100
"814",서울)딸기우유300ML,1650
"815",서울)바나나우유300ML,1650
"816",서울)초코우유300ML,1650
"817",서울)커피우유300ML,1650
"818",유어스(P)할리스리스트레또300ML,2500
"819",유어스(P)할리스민트초코300ML,2500
"820",유어스(P)할리스바닐라딜라이트,2500
"821",유어스(P)할리스콜드브루300ML,2500
"822",빙그레)통모짜스트링치즈18G,1200
"823",유어스)오늘의과일야채ABC190ML,1200
"824",유어스)오늘의과일야채사과190ML,1200
"825",유어스)오늘의과일야채포도190ML,1200
"826",빙그레)따옴사과주스235ML,2000
"827",빙그레)따옴오렌지주스235ML,2000
"828",빙그레)따옴한라봉청귤235ML,2000
"829",빙그레)더단백드링크초코250ML,2500
"830",빙그레)우유얌딸기300ML,1500
"831",빙그레)우유얌초코300ML,1500
"832",빙그레)커피얌300ML,1500
"833",빙그레)스페셜티컵마끼아또300ML,2500
"834",빙그레)스페셜티컵바닐라라떼300,2500
"835",롯데)제주말차라떼240ML,2200
"836",칸타타)라떼홀릭바닐라라떼240ML,2200
"837",칸타타)라떼홀릭카페라떼240ML,2200
"838",라벨리)인절미빙수280ML,3000
"839",라벨리)팥빙수280ML,3000
"840",라벨리)악마파르페,2500
"841",라벨리)초떡초떡140ML,2500
"842",제주에어)제주녹차초코소프트콘,2500
"843",허쉬)라이트초코앤바닐라콘150ML,2500
"844",허쉬)스쿱바닐라아이스크림120ML,2500
"845",허쉬)스쿱초코아이스크림120ML,2500
"846",허쉬)초코앤쿠키콘,2500
"847",라벨리)OMG바닐라파르페325ML,2200
"848",빙)끌레도르쿠키앤크림바90ML,2200
"849",빙그레)끌레도르쿠키앤초코90ML,2200
"850",빙그레)끌레도르피스타치오바,2200
"851",허쉬)녹차초코바90ML,2200
"852",허쉬)초코바,2200
"853",허쉬)초코크런치레몬바90ML,2200
"854",허쉬)쿠키앤크림바,2200
"855",허쉬)토피넛초코바,2200
"856",롯데)디저트쿠앤크깜뜨샌드180ML,1800
"857",롯데)말랑한찰떡아이스,1800
"858",롯데)본가찰옥수수140ML,1800
"859",롯데)잇츠와플바닐라140ML,1800
"860",롯데)찰떡아이스초코앤초코90ML,1800
"861",롯데푸드)구구콘,1800
"862",롯데푸드)구구콘스트로베리160ML,1800
"863",서주푸드)롤링바90ML,1500
"864",서주푸드)롤링바망고90ML,1500
"865",유어스(P)요구르트딸기바80ML,1500
"866",롯데)옥동자70ML,1000
"867",해태)누가바70ML,1000
"868",해태)바밤바65ML,1000
"869",해태)쌍쌍바67ML,1000
"870",유어스)207소세지120G,2100
"871",동원)극한직화후랑크70G,2500
"872",동원)극한직화후랑크치즈70G,2500
"873",매그넘)민트바100ML,3900
"874",매그넘)아몬드바100ML,3900
"875",매그넘)클래식바110ML,3900
"876",벡셀)알카라인AA4입,4400
"877",벡셀)알카라인AAA4입,4400
"878",벡셀)알카라인AA2입,2600
"879",벡셀)알카라인AAA2입,2600
"880",ZK)남성정장양말(검정),4300
"881",ZK)여성풋커버검정,4500
"882",ZK)여성풋커버살구,4500
"883",니베아SOS핸드크림75ML,9000
"884",니베아)립케어모이스춰,4100
"885",니베아)립케어스트로베리,4100
"886",뉴트로지나)딥클린포밍클렌100G,8900
"887",존슨즈베이비오일125ML,6000
"888",존슨즈화이트후레쉬로션100ML,6000
"889",갸스비)셋앤킵스프레이67ML,4000
"890",갸스비)셋앤킵스프레이263ML,8500
"891",갸스비)스파이키왁스80G,9800
