"","vtitle","vpoint","vreview"
"1","߰ſ ","10"," ¥ λߴ!        ۵  ϳ ȳ    ü"
"2","߰ſ ","10","-    .  ɰ λ ͸ ȭ!"
"3","Ʋ","2","̿ȭ ΰ  ȵŴ°    ϴٰ Ǯ ϴ ε..."
"4",":  ","1","ӵǴ  ߿ ڱ  °  ߴµ   丮 Ű  ִ ־ ȭ"
"5","","9"," ߴ "
"6","漭","7","Ϸ   Ϸ ִٰ ǥ ض ƿ"
"7","","6","ظؼ  ׷µ, "
"8","߰ſ ","10","ٶ   ̷ ĳͿ Ưȭ"
"9","߰ſ ","8"," ƴ Ⱑ     ־ϴ. κ ֹ Դϴ.  äο ̽ñ ϴ   ³ ź ߴ ϴ. ٸ 丮  ƽ  ϰ  ȭϴ."
"10","","4","̶̼ ι  ߰  ȭ"
"11","ȳ ϸ","2","   ԰ γ ߱ ѱ  ó  ع  ¯Ѹ  ̿ȭ  "
"12","","4","̶̼ ι  ߰  ȭ"
"13","漭","6","  ԰ µ 丮 ʹ Ʈ  ƴѰ͵ ٵ׳ Ѷ 迡   ڰ  ñؼ ǵ"
"14","߰ſ ","10","̷  ͸ ¥ ̴..!   Ƴ. ֹ ̾ƺ  ٸ ..!"
"15","̽ ε","10",""
"16","߰ſ ","10"," 츸  ̾Ⱑ  ~ 2ð  ƴ   ϰ ~~!! ͷ Ͻô е  ~"
"17","߰ſ ","10"," ׼!!!  !!!"
"18","ó","10","е ְ  ϰ;!!!"
"19","ĽƮ","8","츮 ϰ   ϳ."
"20"," ","1","¥ ʹ ̾...հ ַ ʹ ־ٺ  ȿ  Ե ȵŰ ϰ...츮 ȭ  ־"
"21","漭","8","Ʈ϶   ϳ׿ "
"22","̻  ","7","  . ʹݿ ǰ żϰ ̷οĹݺδ ׳  ϴ´ 귯"
"23","","10","ϰ    ȭ"
"24","߰ſ ","7","ٷ   ȭ ߿ ׳ ϳ׿    ϴ."
"25","ŷ ","10","   ̽ λ!"
"26"," ༮:  ","4","    Ǽ  "
"27","̷Ʈ ׼","1","  γ   10?     ̵  8ÿ ϴµ   ڴ "
"28"," ݺ ũ: ť!!","7","ҵ ⿡ Ұ... õ  ༭ ôµ  ׿ "
"29","߰ſ ","10","ٸ ʿ  ⸸   ȭε 丮  Ҽ 丮 ٰ "
"30","ƹ  ","10"," Ҹ ʹ ƿ."
"31","𰡵","10","սϴ . ߺýϴ"
"32","ȭ翬ȭ","8"," Դ ũ  ʾƼ ׷, ׳ ׳ ְ ýϴ. ߿  ߰ھ"
"33","߰ſ ","8","¯  ϰ ǳ"
"34","Ƽ","8","Ȧ   ȭ  ."
"35","߰ſ ","8","̷ 帣 ̳׿.  ϰ մϴ."
"36"," ּȸ 0","8","ϰ ҽϴ.  ϴ"
"37","   ʴ  ־","7","¦ ƽ Ưؼ ҽϴ"
"38","԰ ⵵ϰ ϶","1","ΰ     . ʹ ʹ ٸ  Ƽ ̰  ϴ..    ھ Ф"
"39"," Ʈ","8"," ʾ "
"40","  ","7","ణ ϱ  ־ϴ"
"41","ö","8"," ÷ε  ͳ׿"
"42"," Ʈ","9","Ƽ   ʳ׿.   ư     ϴ"
"43","߰ſ ","8"," ¥  Ѵ..."
"44",":  ","3","Ѵ ǻ .   ġϰ Ѹ⿣ ʹ 길ϰ Ӹ ⿣ ʹ ġϴ.Ե õ۰ ѱ ȭ  ֿ."
"45","̻  ","9","׶ ι ȭο "
"46","","10",""
"47","","5","    ǰ ǥ  ´.Ƶ  ȭ ʽŲ."
"48"," ","5","ɶ  θ    ϴ   .. ʹ  밨  ƴ?"
"49","","4","Ư¡ ȭ OO .   峭ϳ ȺѴ׳ ׽ ϸ ° ~~~ؿ.ð ¥ Ƚ ~"
"50","̵ Ʈ","10","   .."
"51"," ","10","  䵥 縮 8 1/2  Ѵ Ҹ尡 ƴ ǿ ̽ Ư 󸶳  Ǹ  ˰  ȭ"
"52"," ̹ : ƹ  ","1","¥   Ʃ   ̰     Ȥó ؼ ôµ .... Ưδ  ־ ̶ Ἥ ׼Ǿ ̶  ̴ ̰  80 ڸ ׼Ǿ  Ÿܰ  ¥ !  ䷻Ʈ ޾Ƽ ׳   ޾Ƽ  Ʃ   Ƽ ϰ ٴһ..."
"53","Ʈ","6"," .    αǿ.    ۿ  ׳ λ ."
"54","ú","10","ι ġŰ鼭  ͺ ׳ ȭν ؾ  ϴ. ð Ʊʾҽϴ.    Ҹ  ־  ó   κ  Ƽ ⿡    ϴ."
"55"," Ʈ","10"," 忡 ôµ, ̴ Ȩ  մ   ̴ Ⱥ.  ġ .  Ʈ ũƮ   Դ ~!!!!"
"56","̽","6","ΰ ܿ ٸ ĳ͵ ûŸ  ԰ ġ ʴ´."
"57"," ","6"," "
"58"," ","10"," ͽŰȭ   ־ ׿!"
"59","Ǿ","10"," ְ ȭ!!!!"
"60","  ","6","  ýð ϴµ  ai Ϻ ູ  ణ 纸  ai    ູ  ΰ ټ."
"61","","5","׼ ϸ ԹϰŸ    ϰ ٸ ϴ.      ٴ  ."
"62","̻  ","10"," 󸶳  ˰ ִ ȭ"
"63"," 濪 θƼī","5","Ѻ ΰ ĳͰ     Ż ."
"64","׸ ","10","վ վ!"
"65","Ŭ콺","10","Ϻ.Ϻ.Ϻ.Ϻ"
"66","߰ſ ","7","̾° ƴѵ  ְΰ . ٵ, ٵ   ϴ!!"
"67","","6"," η  Ÿ ü ~~׸ װ ıϴ° AI Ȳ 丮"
"68","","10"," ߶  Ƽ...10 帳ϴ."
"69","ġ İô","3","ȭ  ׿. ȸ ǥϷ    ¥ ׿"
"70","߰ſ ","10","ģ+˿  .  18  !"
"71","  - 󿡼 źٱ","10","ƹ 츮 ʹ ؼ Ҹ̾   ϴ  ε °  ³ ϰ "
"72","߰ſ ","9","̷ο̾߱! Դϴ!"
"73","Ƽ ","6","簡 ʹ Ļϰ õϰ ġϴ.  谡 ׷ٱ⺸   ʹ õ. ¿찰  ϰ  θ 㼼  ٺ     λ Ǽì  ."
"74","","7"," 糭 Ŀ ƶ "
"75","߰ſ ","2","ѿ1++ Ư  δ ε ȭ     λ곲ڰ Ҹ ȭ     ȵǼ ڸ ʿ ȭ"
"76","","4"," ߱뷡°Žȭ...? ߱ȭ̰?   ߱̿ ̸ſ"
"77","߰ſ ","10","Ϳ ~ ȭ ̳׿ ο þ伺ϴ  ν մϴָ Ƴ  ѹ  ߰ھõ մϴ"
"78","漭","10","G"
"79","߰ſ ","6","⿬ 찡  Ʊٰ  ̴. 찡 ٺ       ϰ .ĳͺ    ʹ ʰ 'ڱ ̷  ȴٰ?'ϴ   ȭ ι   ΰ  ߴٸ    ְڴ ;."
"80","߰ſ ","10","   ʽϴ.   ֽϴٳ õϸ  õϰ    Ų õ  ٴٿ  ġ ư߸ ϴ° Ÿϴ"
"81"," ","10","ɰ ĳʹ"
"82","߰ſ ","5",""
"83","漭","8","ũƾ ƩƮ Ⱑ Ҵ. ̳ ost ҽϴ."
"84","߰ſ ","4","̾ 뵵 길ϰ пȭ"
"85","ϰ ϰ","10","Ȥ  鸸   ÷ .׳   ߴµ     ̤;;;׼ǽŵ 볪   Ҵµ~~~^^"
"86","ϰ ϰ","10","Ȥ  鸸   ÷ .׳   ߴµ     ̤;;;׼ǽŵ 볪   Ҵµ~~~^^"
"87","   ũ 2 ","10","1  մ 2 ɽ ʰ   ̴ "
"88","","1"," ȭ ϳ ġ  ߾ϴ ġ  ǵ Ǿ ȭ  ̽ ֽùε ļյ г븦 ̿Ϸ ߾ϴ ġ ȯ ٸ  ݼϱ..  ȭ ġ .. ׳ ġ ̾߱⸸  10¥  ֽù ο    ġ  غ  ׿ å ٴ   ȯ  г븦 ̿ ǥ ιۿ ȺӸӸ ޷  ȿ  ϴ ̶     ǥ  ġ ̾ ׵ ..׾ ̿븸 ϴ ںе鸸 ҽ  ļյ鸸 ҽϰ  ȭ.. ׿ܿ ġ ϳ Ⱥҽϰ  Ǹƺ  ȭ ںе  ϴ."
"89"," ó","7","Ǹ ϴµ  ߿ġ ʴٴ ũƮ   ýϴ."
"90","߰ſ ","10","ϳ   Ǵ޿ȭ"
"91","","3","󺸴  ſ µ  ϴ  ̷ ȭ ° ˰ ༭ "
"92"," ʳ 츮","9","ʶ ο   . ʸ    ưžƴ ۰ ༭ "
"93"," ̵ƼƼ","1"," ȭ ٰŸ Ұ  'ƹ   !  ʹٸ   Ķ!'   ġä ƾ ߴµ  ̹ ߳׿.     е  ð Ͽ  帳ϴ.     ð   ð Ƴ ʹٸ   ġʽÿ.  ȭ ƹ  ϴ.   ̶ ϰ   ȭ        ڸ '   ȴ.' ̷   翬    ִ ̾. ٵ     ð 鿩  翬  Ͽϴ. ׷   ̶ ƾ ߴµ  ȭ      ƹ͵  ʴ ǹ ȭ Ǿ.  ȭ ռ     ٸ    ,   ڿ 鿡  ð Ʊ ӾҴٴ     е ϴ.  ð Ƶ  ƴϰ  ʱ ϰ õ. ε ó 鼭 ۺ Ⱑ ɰϰ  ô  ϱ淡    ׷   ϸ   þµ  ȭ ߹ Ѿµ    ̳   Ǯϱ ѵ ̴  , ð ʹ Ʊٴ  . ׷ ׶  ø  ؼ   ġ κи  ٿ 뿡 ؼ ôµ  ƹ ǹ  ȭ  ̾߱ ̶ ʹ ȭ  ׶ 2 3ӱ ÷ ó׿.   ڿ ̷   ̶  󱸿.  ÿ   ͸ ־ ڿ Ű  ־ ̵  ȭ   Ϸ   Ҿ.    ڿ 鵵 ͺ並 ϴ   ȭ   û Ÿ鼭  ִ"
"94","漭","7","ũƾ Ⱑ  Ҿ Ҿ ɸ ״  Ÿ  Ƹٿ ֳ̾  ǥѰ ƿ"
"95"," ȣ","10","150 ̶.. ׶  ׷Ե Ⱥ ȣ վ~"
"96"," ","10","ι   .   ָ ڴ"
"97","ŷĿ","7"," ġ      ʰ   ص  ۿ ٴ    ־.  ġ ùٸ ߱ϴ  ġ ĥ  ִ ׷ ̻ ȸ      ?"
"98","漭","8",""
"99","߰ſ ","2","󵵻  ڸ ʿغ. ̼  ֵ ¾ȵɿȭ!"
"100","   ũ 2 ","10"," ø ýϴ. ٰ  ߽ϴ. Ҿƹ ϴ."
"101"," ð","1","縸   ø ̳ ḻ   ɷ ȵż  ׷ŷ ˾ ϰ "
"102","Ʈ   ̼","10"," ȴ.. Ʊ ,鼭"
"103","  ģ","10","⸸ ٽú𸣰ʹհ ĥ  ̷  ִٴ° .."
"104","ĸƾ ","1","(ĸƾ) (ĸƾƸ޸ī) ̱(, ȭ ϼ, ûڵ )  ̴ϽƮ ȭ"
"105","ø","10","ƹ  ôµ ǿܷ վ׿  ̴ ȴٺ ost ʹ  ٵ ⵵  丮   ѳ վ   ʹ ʹµ 2   Ƚ~^^      ٴ°     ϵ ȭ    ׾    ͵ 󿡴 ɽġʰ ִ°   ΰ ູϱ ٶ° ׾߸ ̷  ٷ̶°     ˰ԵǴ    .."
"106","","10","ģ ķ ְ ȭԴϴ"
"107","ȭ","10","ֿ  ҿ   ȭ ,    Ҿ^^   ٽú ճ׿"
"108"," ","1","̶     1  ޹ ϴ  ־"
"109","ڶ ","10","ȭ ӿ    ˷ݴϴٰ ȭ ϰ ϴ  ƿ"
"110","ŷĿ","1","ٴ߾⿴פǹٲϱ ̻糢 ȭȺְڳ"
"111","߰ſ ","10",""
"112"," ","10"," 30 Ͼ ."
"113",",  ","8","³ ʾƼ    з ´. ׷̴ ϰ ܷӰ     ȥ ؾѴ.ƹ  ϴ Ŀ  ο   ǾѴ."
"114","ǥ","10"," 뼭 Ű"
"115","ӽĵ","10","ں  ǰ  ູ ȭ"
"116","","10","ȸ  Ҹ   ְ ȭ"
"117","ޱ","7","Ű  ȭ ִ .н ȣ 򰥸 . ."
"118","߰ſ ","10","¥  ó µ  Ⱑ ǰ̰ л ٶ ̶   ߴµ   ԵȰ ϴ!   ȭ ."
"119"," ƾ","10","θ 簡 ￡ ´پ̷!"
"120",":  ","10","ƴ..  ʹ հԺ µ  ̷..?"
"121","500 ","8","߰ſ    ãƿ"
"122","ġ   ","2"," 䳪 ̸ֹ ̳?   "
"123",":  ","2","ġ¦Դϴ..."
"124","","8","Խ] ѷ  2012  հ  밨 Ǵµ   ƴ,  վ. Ŵ ĵ ġ   Ŭϴ. 丮  SF 帣  ϸ źΰ . ѷ   ǰ ȴ."
"125"," ȿ","9","ȭ ٺ   ʹ  ׿ ð ǵ Ÿ ٲٰ  ,  ִ   ,  ߴ   ǰ ǰ ŷ   ٲ  ο  ϸ  ޾Ƶϼ ?"
"126","Ǿ","9","2 ߡ..2 ̴ֶ"
"127","̵ Ʈ","7"," ų   ο õ  鿡Ե~"
"128","","7","̶ Ŵ.   ° °ġ ֺ   ҰԵǴ ."
"129","","10","  ;µ    ŷ Ÿ̳׿ *  Ծ ð ȱ Դϴ ֺ Ҹġ¡ ȭ  ȶ ƽϴ  Ȯ~߱  մϴ"
"130","Ƕ","3","ֳ ̳  巴   ׳   ٶ鼭  ɰ  Ȳ ο Ȱ, ǹٴ  ӿ ְ ڶ ° ఢ ȭ ϴ  Ƕİ Ѹ     ڹ̵ 帣 иϴ.  ڹ̵+ƾ θǽ+ +++ι Ѳ  ;  « Źȴ."
"131","漭","7","   θ    OOO° Ƹٿ򶧹  ʾҴ"
"132","ƹ   ","1","  Ʈ 3ι  ᱹ  װ  ȥ Ƴ ȭ Ʈ     Ʈ .."
"133","  ͽ","10","żϰ վ. ΰ ̰   ָ ŷڸ ׾ư° Ҿƿ"
"134","⵵   ","10",""
"135","  Ƽ","10",""
"136","۵ ","10"," մ. 10  10"
"137","߰ſ ","8","  ״ ͸ . ż谡 Ϸ 丮簡  ġ ȸ ߰ſ Ǵ Ϳ    ֶ Դ ȸ."
"138"," ũ","2","￡ ̱     Ǵ ִ ȭ鸸 ״´ٴµ װ ϴ ʹݺ    ϴ "
"139"," ƾ","9"," 𸣰 ôµ հ  ýϴ!!"
"140","񱸿 JSA","10","  ..."
"141","ͳ ","10","ȭ ʹݺο ְ ϸ       Ŀ ٽ    Ͻ."
"142","ƿ μ","6","ô  ׸ ϡ ̰濵, .,,  ĳʹ  Ⱑ ̤̽, . ô 𸣰 е  ,  ĳͼ 21⿡  ġ ˰ Ǵµ.   ż   ϴ  , ׷   ƴϸ  Ǵ ĳʹ ã   ۿ. ׸ , ڳ   ȭ ƴ   ̾ ׷  ô ȭ ǰ ü ,,,"
"143","","4","׷ ϰ  ߱ ޾ ? ׷  ̵.."
"144","η ִϿ ","10","ִ ״θ ϱ"
"145","߰ſ ","10"," пȭ å ԰Ժ ȭ ԰  ҽϴ."
"146"," Ȱ","4","԰   Į Ŵ"
"147"," Ʈ","7"," Ʈ 3ð  ʰ . ٵ Եó׸  3ð¥ ȭε 3ð¥  ְ  ʾٰ  ó޳  °ǰ Ÿ ȭ   ϴ°ǰ"
"148","漭","8","   ̴,,  ϳ ġ ϴ ս µ....ũƾ , BGM   Բ 尨 鼭  "
"149","ź ","10","1  մ "
"150"," ּȸ 0","10","̷ʤϤ̱̼֤̾̾ߤ"
"151","Ʊ Ѹ -  ","10","͸ Į  ִٸ Ѹ 浿 ִ"
"152"," ","4","ϰ 丮    ȭ"
"153","߰ſ ","10","ڴ . """"  ȭ   긱 ڰִ."
"154","82 ","2","¾. 90"
"155","Ǹ Ҵ","10",""
"156","߰︲","10"," û   ̶..."
"157","̾ Ϻ ϱ","9","ȭ 縦 å ٸ, ￵ȭ 帣 ù°    ʹ "
"158","ػ罺  л 2022","2","ٵ ðƳ Ӵϴ"
"159"," ","10"," ߺþ پ׿"
"160","߰ſ ","4","̷ ġ ȭ ׸  簡 ̷   "
"161","߰","10"," ܸ ϱ  ÿϳ   "
"162"," ","10","ū ְ   ִ ״  κ Ұ ȭν    ǰ    ."
"163","߰ſ ","7"," ٸ...׷    ϴ"
"164","ĽƮ","10","ȥ ñ⿡  ڽ   ʴ´ٸ,  ư  ִ"
"165"," Ÿ","10"," ູ ȭ"
"166","߰ſ ","10"," ϳ  ȭ ׿"
"167","߰ſ ","10"," °׸ źź   ȭ."
"168","߰ſ ","10","ż  ׿ "
"169","÷","10"," 10ڳ    ڷ ȴ."
"170","װ: ̾߱","10","縦   ̷ .. Ϻ "
"171","ġŲ Ʋ","4","ʹ ҽ ΰ ƿ̴ ģ ܷ ¥   Ƽ   ȴ. ƹ 17  ȭ ص ִϸ̼   ´ ô  ̽."
"172"," ","10",""
"173","漭","8"," 3ϸε ֳ̾   ƿԴ ϰԲ . ũƾ ƩƮ  ٻٳ λ Ǹ .  ׸ ǵ پ."
"174","񿡰","10",""
"175","","8"," ı ׼ǰ Ѽ  Ⱑ Ƹ ȭ ̷.  丮  .  ⿡  , ƶ ⿡     ̾߱ ϱ..   ä 8 9̳ ٸ."
"176"," Ʈ","9","ƽϴ е鵵 ذ  ȭ̱   Ʈ Ͻô е Ȯ Ͻ  ϳ׿.į ø Ⱑ  ״ ǥ ȭ ƿ. Ȱ     ʺ Ʈ ȭδ  丮 մϴ."
"177","ö","9","־ õմϴ"
"178"," ð","1","~~~ ."
"179","ĽƮ","7","  ñ⿡   Ư ʹ ȭϴ. Ҽ ϻ ߾̶ Կ  ϴ."
"180","߿  巡","2"," ߾...    г밡 "
"181"," ٴ","10","1. ѿ ִ ȭ, 2. ϳ ϴ  ⿬ϴµ   ʹѿȭ, 3. ԰  ԵǴ ȭ, 4. ³ ѿ ִ ȭ, . սϴ. ^^"
"182","Ϸ","10","丮մµ  ࿡  װ ̽͸"
"183","","2"," ־ ȭ μհ "
"184","ι  ϶","1"," ΰ ΰ ...߾ ФФФн丮 ü .̵ δ  Ұ µ,  ʹ ƽȭ^^;;"
"185","̴:   Ȩ","10","л  ̴..   ƺǾ Ե ̹ ǰ ׳ ..."
"186"," ","10",""
"187","","10","׾߸ ''ȭ ٿ.  jaein MOON's downFALL̶     ߾. KƮ.Ƹٵ.2012.ȵ巹ƽ 糭ȭ  غϱ. ׻ ¥  ΰ ȥ ̳ ó    ٷ ǰ.Ÿ.  ؼ  ᳪ 强 ġ ع . Ŵ .LA ý 뵵 Ÿ ..  ˸鼭  װ ϸ鼭 °  糭ȭϱ. ݺδ ó Ŭ ο, Ĺݺδ  ġ ؼ ߴ.    ı⿡   ں ٰؼ  , ˵̸ '' ϸ  ?"
"188","߰ſ ","10","  Ǳ "
"189","","1","־ ֿ峪.  .Ǿƴ 񤻤ӹȭ ѱ  ±ʿ䰡19ȫ ħ 踲 ̶ .. 屸ä ٳ .ƶ .ȭƮ̰Ÿ ±   ´. ± 1غ ߼ ġ .̳ ҽýƮ ι賴"
"190","","10","   Դϴ. е  ʹ ϼ."
"191","ŷĿ","1","̰͵ ȭ...ٷ   ܿ ȭ.  ֱ⵵ Ʊ...ⰰ ȭ ó??? ̵  ȭ.  뼱 ̷ ȭ ϴٴ... »   Ͱ. γ, , ...ü ̷ ȭ...  ǽɽ, 鵵... ̻ ̷ ȭ  ϰ  ʴ."
"192","","10","    ִ"
"193","Ʈ޾ ٸ","10",""
"194",":г ","10","λȭ..ְְ"
"195","","10"," ư;  ãԵǴ ȭ"
"196","߰ſ ","2","ģ  ȭ  ο򳯻 ԤѤ"
"197"," ","10"," ҽ ñ   Ф"
"198","극","10","λ ְ ѱ Ŭ! ùȭ ù ȭ ϸ Թ"
"199","ø","10",""
"200"," ","10"," ʿ ȭٸ ι   ̿ԉ"
"201","Ŭ","10","̷    ƿ δ ؼ ߴµ λ־ 극 ݰ  ùȭ"
"202","Ʈ","10","ѿȭԴϴٴٽúԴϴ"
"203","츮 ̶ ϴ ","7","Գ ִ ܸ 縸"
"204","߰ſ ","10"," Ǵ޿Ⱑ  ¯ "
"205","Ʈ޾ ٸ","7","ı   λ "
"206","","8","ĥ ̸鼭 Ͽ "
"207",", ","9","κ 淡 Ư   ó  ι ȭ    и ϴ κ~! ϳ׿~!"
"208","  ƸƼ","8"," ƸƼ    ˾Ҵµ     °  ε Ʊ..   ƸƼ   ã  ߿ ٽ  ڴ  2  ..?   ʹ Ϳ ູ߾   λ ִϸ̼   "
"209",":  ","7","׳   ȿִ  ¥  Ѵ.  ׻   Ǻδ  ݺ û ."
"210","ູ ","10"," ε . п "
"211","߰ſ ","10"," ε ʹ͸׿ ̳    ʴ¼ ͹ε...  ̾ 尨 ġ ̳ ȭ׿~   մϴ   ⵵ ~~ "
"212","ũȦ","8"," ϰԺ鼭 ϰ ̳"
"213","ī","9","̵  ɷ ùϴ. ׵   . Ҿ ȳ, ˺信 ˺䵵 ƹ  ־ Ҵ."
"214","","6","丮   ̴ Ҿ"
"215","ȭ :  Ų ","10","ϳ  ʾƿ. ٽú , 丮  Դϴ,,,"
"216","","6","ȣ    ̴ 鸸  ٷȴµ ڸ   ϰ  ް ̴  Ĺݺθ ̷ ־ٵ  ƽ"
"217","漭","8","  츮   ֳ̾ İ 뿡 Ͽ"
"218","߰ſ ","10","&ֹ Ⱑ ¥ лߴ"
"219","ҿ","10","ư鼭   ִ ູ ƺ ϴ ȭ"
"220","߰ſ ","2"," ѱȭ ° 𸣰ڴٳ  9 ̴ٸ    鵵 ٸ𸣰ڴ ̷ȭ  "
"221","߰ſ ","10","ֱٵ ؼ ȭ   ̴߰"
"222","ξ  ","5","縦 ѷ Ϻ    ڳฦ  θ ̾߱  ϰ ϰ ִµ, ߹ݺ ܷ Ҹġ   ǵ   ϼ ."
"223","Ƿ","9","ڼ  Ⱑ  ȭ  ȴٰ   ƴ. Ư  ̳  ġ ͹̳͸ Ű. ʹ   Ÿ  ̾߱."
"224"," ݺ ũ: ť!!","3","׳ þ"
"225","","2","ѿ ְ  ߴ װɷ     ǰ     ̵ ƴѰ Ǿ   ȭ ɹ  ť۸ Ͻô°.."
"226"," ","7","  ο   ̴()"
"227"," ","10",""
"228","ٷ","10",""
"229"," ũ","2","߰  ʹ ȭ."
"230","ݷ 2","5","׷ ҺǾ   ٸ Ȱ "
"231","ø","10"," ʰ   ôٰ   Ф"
"232","ĳġ    ĵ","6","  ູߴ  ٽ ǵ ϴ  ûҳ(?)   ."
"233"," ũ","1","߹ ΰ ߾ ʹؼ ȭ  ϰ;"
"234","߰ſ ","9","   ¥  ϸ鼭 ôµ 丮  źźؼ  ϸ鼭 ."
"235","߰ſ ","8","丮    λ   ؿ"
"236","߰ſ ","9","   þ ɡ ٸ е      츸  鸲"
"237","߰ſ ","6","¦  ~~~..~~"
"238"," ","10","ͼ ϰ ȭ"
"239"," ","9","̱  ȭ ƹ  ...ȯŸ"
"240","̴:   Ȩ","5"," ĺ ̴  ߴµ ̹ ׳ ݱ Դ Ǵ      ̶..?? ׼ǽ  ͵ ƴϰ..    ߴµ Ǹ̴. 鼭   ߴ"
"241","߰ſ ","10"," 츮  游 ͸ ź!"
"242","͹̳","8","ó Ź.  ȭó ڱ ʰ ϰ հ, ϰ .   ȭ  ô."
"243","̽ ο","3","  ؼ  Ȱ  Ḧ ϴ  ڽ  볪 ڳʿ , ڱ ų Ǹ ġ  δ."
"244","߰ſ ","5","ٶ   ᱹ з Ʊ... ׶ ȵ"
"245","Ʈ","10","ùϰ ϴϽ!!!!"
"246","ι  ϶","1","⸦    ض"
"247","̻  ","10","л  ĺ   丮"
"248","  ","5","ѱ  幮   õߴٴ  ̷Ӱ,   Ű  ϴ.     ó Ѵٸ ׸ ġ ʴ  ."
"249","߰ſ ","4","~~???     ϼž ҵ!  Ⱑ  ܿ ٵ ؼ,, ޵ ȵǰ,,ϱ⸸ ߽ϴ!丮 ¥ӻ ƽ,, õȸ  ͵ ߶̰.... Ҵ ͳ׿,,,"
"250","̻  ","9"," 20 ٷ   µ   Ƽ ׷... 丮 ϴٰ ϴ      հ ýϴ. о⵵  Ծ~~"
"251","߰ſ ","10"," ȫ ģ !!Ư з  ȫ  ~!׸   鵵 ¯¯¯!!!"
"252","̻  ","8"," ߿Ѱ ƴ϶ ã  ߿ϴٰ ϸ鼭 Ѵ  ƴѰ? ϴ ̵ ̷ϴ  Ѵ丸   ִٴ ̵ ׷⿡ Ÿ ϰ  ʴ պκ  հ ô  Ǵ  ʹ ϰ "
"253","߰ſ ","10"," ȭ  "
"254","帣 θǽ","7","Ƶ  ϴ 鸶     .  γ ݴ θǽ   ƽ.      ٵ,   ϱ⿣  , ȭ   ߴٰ ϱ⿡ 簡 ʹ ޱ.. ʹ Ƣ ĳʹ Ҵµ,       ƽ.  ȭ   Ȱ   ĳ͵  ƽ.. Ƶ   ȯ Ƽ    ټ ƽ. ׷ ʹ ٽ ʰ  ϴ ,   ̾, ĳͰ ĳ̵ ߴ. ٽ  Ư Ƶ  Ʈ ϳ  .  ƿ   Ѿ   ͱ⵵ .. ڹ̵ ġ  ĳ ƴ   ĳ, ̶  Ҵ  ִ  .    ַ ϴٰ ټ ̾߱ й谡 ƽ 길 κе ,  ٷ ô ڹ̵ ȭ߼  Ҵ."
"255","  ڽ","10",""
"256","߰ſ ","6","عٴڿ Ű ;  ڿ ų  "
"257","̽Ʈ","10","   Ʈ ź ܸ  ǹ̴ ̷.   ȥӿ   ̸,    ϱ⵵, ϱ⵵  ̴.   ų Ƽ  ʰ     ̴.  ܸ  ḻ Ҹ ´."
"258"," Ʈ","10"," Դϴ  10 Ʊ 100 ּ...  λȭ ͽڶŭ հ ýϴ   ̳ʹ ̰ ູ߾.. 3ð..."
"259","߰ſ ","10","߰ſ     ִ  ǹϰ ϴ.    ְϴ."
"260"," ּȸ 0","10","N   ߾!!"
"261","","6","ȭ  Ӱ ƴٴ ׹  ȭ   ѵ.  а. ϰ  ž  ¥ "
"262","߰ſ ","10","~ 丮 ü ְ ̷ źź Ƹ ȭ  ! ð+λƱ"
"263","","2","׳ Ƽ񿡼 ΰ    ñ õմϴ...  ó ߱  ̸   ߴµ... ó...      ִ   ƴ϶.."
"264"," Ʈ","1","̷  ȭ ¥ ó̴!!!!  ־!!!  ġ ׸ Ʈ   ⵵    ¥ ־̴!!"
"265","ũ : ..","1","ũ   ĳ ʹ ¥ġ "
"266"," Ʈ","10","ο ø μ Ϻ "
"267","õ庸","10","ȭٰ ҸҴ ....  ؿ.ְ ȭ"
"268","  ϻ","10","OO   ٽ ôµ  ٸ ȭ׿..׶ ƹ  ȵµ,  ׿"
"269","","6","ֿ ٶ󺸴 ,  ̶     , Ÿ , ¥  ׺  ʹ Ž, ȭ Ŀ  ʹ ũ س Ͱ ;. Ÿ ѵ, ð  ʹ ǰ"
"270","߰ſ ","5","ִ  ƴ϶  ž Ƴ ó ׵鸸 "
"271","   ũ 2 ","10","Ҿƹ ҽϴ  Ҿƹ ¯"
"272","̻  ","6","ֹν   ȭ  ׷"
"273","˸Ÿ: Ʋ ","8",""
"274","","10"," ̷ ǳǪѻִٴ° ˰׿ܰ  ƽŻ   վ"
"275","漭","8","ֿ   Ǵ ü 丮º"
"276","߰ſ ","10","⸦  ʹ ϰ ϰ  Ⱑ   ;; "
"277","߰ſ ","6","   ¿   ϴ 𸣰ڽ."
"278","漭","9","ũƾ ƩƮ  ź! ֳ̾  Ϻȭ!ī ~"
"279","Ʈ","9"," ýϴ.    ׿.  ֵ帳 谡 ȣ   ŷ  ߴٰ ϴ."
"280","߰ſ ","9","λ  ȭ߿   !!!쾾   ö׿."
"281"," ","10","̰ Ծ  ϴ ȭ...   常 ϴٰ... ڰ ذ ...   ̱⵵ ϰ... ᱹ     ο  ذ ִ..."
"282","̴:   Ȩ","10"," ̴ǵ Ǵ  ȭ   ־ ʹ Ұ ص  п    ..    Ʊ ȭ.."
"283","漭","8"," ȭ 漭 ī޶  ʴ   شٺҾ, .. ȥ 󸶳  .. ׸ΰ ; , , ڳ    ޷ֱ⿡ ᱹ ڽ  ׳, ֳ̾ 漭.Ŀ    ս    Ƹٿ ں   ӿ ֽϴ!"
"284","߰ſ ","8","̷ ͸  𾲴. ,   丮 庮  ѵ. ׷ վ"
"285"," Ʈ","10","Ȥ 𸣽ô е   ȭ 3 ø  1Դϴ"
"286","Ʋ Ʈ","10","ϰ ϴ~"
"287","ϴ Ǫ ƴ ̿","10","Ϻ ִϴ ü  ϰ ְ  ȭ Ƽ ̿."
"288","߰ſ ","10","ֱٿ  ȭ߿  ־.  Ʊ  ȭ"
"289",":  ","9","忡  6  ÿ  9..! ش  ϰ Ÿ   Ǵ Ѱ ϴ.CG׷  Ұ (¯ ..) Ĺݿ  վϴ. (   ȥϸ鼭  )׸ ǻ ,,,()"
"290","帣 θǽ","10","Ʈ Ե   Ż Ҿ"
"291"," ,  ʿ ","10","Ϻ ȭ  ݸϴ ۿ µ ̰͵ ߰"
"292","߰ſ ","8"," Ե ְ׿"
"293","޸ ","9","뷡  ⵵  δ   ִ ڹ̳׿..."
"294","̻  ","10"," ȭ  þ! ϰ ִ 뷡 ǰ  ȭ   ־ϴ."
"295","̹̼ ","10","ڿ ϸ鼭 Ե 濵 Ʈ ѻ λ ԵǼ Ҹ.. ְ  Ѵ.."
"296","","5"," ϰ  ׷ ׷   ̳Ӵϰ  ׷ ..."
"297","","6","׳  ׷ϴ.."
"298","   ũ","8","  öγפѤ"
"299","","5","   渮  ߴ...."
"300","߰ſ ","9","   ƹ ư  ־ ... ġ  ٴٿ  װ   ... ׷  װ   , ߰ſ ͵     ϰ ǹ  Ǿ ..."
"301"," ũ","9","ΰ ʹ ̴̱ Ф"
"302","","2",""
"303","","10","   Ϲ ȭ 忡   Դϴ.   Ȱ ȭ ôµ. ⼭ ϴ ߱ ں  ߴٴ , ȭ 丮  ׷ Ž ʴ? ̷ ȭ յڰ ö ´  ã   ٽ.  12  ɴ뿡 ̷  鿩 糭 ȭ (ϰ  Ŵ cgȿ Ÿ  մϴ.),  ȭ ϴ ̶  ̰ ǰŶ Ȯմϴ. 2ð  ȣϸ ؼ ó׿. 糭 Ϲ ȭ Ͻø   ϴ. ʹ Ƽ  ȭ  ̹  ǽɵǳ׿.    Դϴٸ, ȸٴϴ ̳ ѱȭ  ϴ   Ϸ   ٴ ǽ ϰ ׿.  Ű澲 Ưȿ  ̵ Ϲ 糭ȭ ϴ ̶  .  մϴ."
"304","߰ſ ","2"," ̹ų  ذ Ȱǰϴµ "
"305","","8","׳ ϰ ֱѵ ְԺ"
"306"," ","2","⵶ȭ..Ͻñ"
"307","߰ſ ","8","ִ.׷ д д.ƹ 󸶸 صᱹ  ϴ° д.ȸ̴."
"308","Ͽ ̴ ","8","Ϻ  ִ  ִ ȭ  ص  ƴ"
"309","а","10","⸸ ٽú ̳׿. ׶   ״ Ƴ .  ʹ ؼ §մϴ.."
"310","ִ Ʈ","5","... ϴ...ȭϱ⸸ϰ ¥ ó ʹ . ȵǰԾ.¥ 丮  .׳ ̰ .  .ϴٴµ      Ű ϴ ó.¥ ó δ..."
"311"," ũ","1","Ѱ Ʊ ϿĢ  "
"312","̺  ī","8","Ҿ~ õմϴ"
"313","ð  Ƴ","10","    ƴ....  ٸ ׻   ϴٴ°"
"314","߰ſ ","1","  ȭ  ѱȭ ....ܿ... 꿵ȭ õ¥ 渮 ۰  Ḧ ?  "
"315"," Ʈ","9","ϰ .  ׼ ٶ ״ ƽ ǰ"
"316"," ũ","10","ũ    Ӱ  Ʊ..."
"317","","8","̻ϰ  ׿  ƴϾµȭ ôµ վ"
"318","߰ſ ","10","ȭ źе  å ѹ оñ ٶϴ. å ϰ սϴ. ȭ ۺٴ 翬  հ մϴ."
"319","߰ſ ","1"," ! 鸮ʴ λ . þ .   .   ȵǴ ΰ."
"320","","3","ٰ ٺ  ̴  ô밡 ô  ʹϴ±"
"321","߰ſ ","10",""
"322","̻  ","10"," ̰  ߽ϴ մϴ"
"323"," ","8","  Ƹ׿. ù ǰ̴,  ǰ ˴ϴ."
"324","߰ſ ","10"," [], [ȭ ] õ ! ȭ  ̶µ, 20    ε...?"
"325","߰ſ ","6","  ߴ ͸."
"326","7 ","1","̳ ȭ  ׳ ۰Ƿ "
"327"," ","10","   Ҵµ   ϴ."
"328","̵ Ʈ","1","̺....ΰ  ϶"
"329","̻  ","8","ֹν   ó Ұ, 赿  ⵵ λ̳׿. ٸ Ĺݺ 丮  ټ ƽ  ϴ."
"330","","10"," ͸ ؼ ԢZ"
"331","߰ſ ","10","  ¥ "
"332","","10","̿ȭ ݵ  .    20 ĹݵǼ ٿ޾Ƽ...  з ʹ ؼ ñ ȭ... ѹ ʹ Ϻѿȭ ߾."
"333","߰ſ ","10","  з Ǵ ȭ"
"334","߰ſ ","1","ȭ     ׷1ð 2ð 3ð ð  ̾ٶ° ݰ Ǵ ȭ"
"335","ø","10"," ȭٿ ȭ ýϴ.ճ׿"
"336","߰ſ ","9","   ȭ  ´ ѱ ȭ ô.  帣  ϸ 100 ̻ ġ .   Ⱑ  ܿó   ι ȭ ."
"337","","10","վ ̳׿ ޿  ھ"
"338"," ũ","9","  縦 .̸   󸶳   ִ ȭ... ñ ϴ 򰡸     ."
"339"," ֱٱ ","10","Դϴ~~!! ņ . "
"340","߰ſ ","2","  ȵ ѱȭε ڸ ʿԳʹ ϰ      "
"341","߰ſ ","10","    ħ  "
"342","","8"," ؼ ׷ û ̰   Ʈ Ƽ Ҿ.  ں ⵵ Ҿ"
"343","߰ſ ","5","2ð    ο  ο   ο  ͼ ο  ԰ ο ׳ ο ɷ ̰ ̰ɷ ̰... а        ˾ "
"344"," ","8","αؿ   ϸ?"
"345","","8","־   ⵵    ö ٰ 󿵽ð ÷ ٵ ϴ ƽ ֳ׿, ׷ ª ð ־   ö   ׸ ణ ۰Ÿ ʴɷ ׼ǵ  ҽϴ "
"346","ƹ ","2"," ƹ Ͱ"
"347","߰ſ ","10","λε  հ ߺýϴ.ʹ  ʰ   ҽϴ."
"348","߰ſ ","9","ⱸ  ſ   ʰ  .  ƮǺ ũϰ 㹫ϰ "
"349","߰ſ ","10","عٴ λ  ǥ߳׿"
"350"," Դ","9","~~"
"351","","1","  ŰŸ  Ѱ..."
"352","ĽƮ","9","  ,     ó  ʰ ʹ  ȭ.   ũ ö  λ簡 ."
"353","߰ſ ","10"," մ???  "
"354","̻  ","10","  ƴ ġ "
"355","ƹ ","10",",   ̷ ִ ȭ??"
"356","","6"," پ ǰ ߴ ѷ Ӹ⿡ ̳ ̴  ͵  Ϻߴ. ٵ 丮 ƹ  ߱     ߱ ں ٴ  ġ   . ׷ ̷  ϸ  ȭ."
"357"," ","10","Ȧ  ɸʹ   vs 鸮  ɸͷ ߰ ĳ ϴٰ γ  ִ ȭ.  ̽  , θེ  ϴ е  ! ^^"
"358","","4","⹦̾߱   ѰͰƿ.   㳪  츮   "
"359","߰ſ ","6"," ɸ ȭ"
"360"," ε","5"," ̶... ޯQ͵ ..  ؼ  ϱ淡  Ҹ ̰    ٸ ֳϰ     ãƺó     ϸ鼭 Ľ    ̶ Ե ó?  ص..."
"361","Ȱ","8","ѱ ܹ  Ȳ "
"362","߰ſ ","10","  10Դϴ."
"363","ζ","10"," ¿8~ ׳      . ΰ̶   .   ϴ ΰȸ,б,   ٸٰ  ΰ    ֽż ϳ  ϸ   ¥ ϴ± "
"364","ŷĿ","10"," ݴ ݵ ׸ڰ ְ, ̸ Խ  Ȱ  ǥ ȭ. 丮 ¿ ,Կ, ãƳ ̰ ƴ ȭ. ׸ 汸 ̼ OOO. Ѵ絵 ŷĿ  ж ǥ  ذ ȵʺ õ."
"365","Ʈ ","10",""
"366","  ","2","߰  ߾.   ,    ôµ,  λ ־ ȭ  ϳ.   ģ ̾ؼ   ߾.  1ε, ûȸ  1  ."
"367"," ȥ","10","  ְ θǽ ȭ"
"368","","9","̽ Ȱ ڿ ǳ   ߱   ʴ   ִ йڰ   ִ ,   ,  ͵ ̹ȭǾ Ӹ ӿ ϰ ´."
"369"," ּȸ 0","10","¥  մ,,,"
"370","߰ſ ","4","ʹ ̽ ô ȭ. ǵ  ."
"371","Ư","6","ڼҴ   Ʈ پ ٽ   ,    ִ ׼ǿȭ  鿡 ٸ   Ҵ."
"372","Ʈ ","10","ڸ  ѻ״  Ҵ. Ͽ  츦  δ Ƶ ؼ"
"373","Ͽ콺  ","8"," ι 縦 ٷ ȭ  ׷ ȣ ڱϴ 丮 ȭ ϰ   ̾߱⸦ ٷ⿡ ҿܵǴ 翬  . ƽ ־  ü ſ  ߴ."
"374","","10","  丮 ʹ ϴ."
"375","","9"," ϴ  ǥ ,   ̸ ε    ׸ ó Ѽ Ǽ    ȭǴ  ϰ  ׷ȴ."
"376","߰ſ ","10","ߵ鸮 ? հԺþ"
"377"," ","6","ȭ  Դµ ϰ   .    ̶ ϴ ڼ ߵ   Ұ ΰ  ش."
"378","","1"," ȭ  ȿ  ں ̺... 尨  丮 ڿ ʰ ׼ǵ ϴ .."
"379","漭","10","ֳ̾ Ƶƿپ˾Ҵٿ ʹ ڰ Ե ְ"
"380",":  ","4"," ϰ ϰ ž.     پ Ÿ ִµ   ʾҴ."
"381","ŷĿ","6","      ͵ ڶ    ѽ  . ¸ϴ  ˰  ǰ ׸ кϴ   ߽ߴ ̱⿡ â  ׸    ̴."
"382"," ","10","Դ ϰ Դ  ϳ ǥ     ־.   ̾ 밡  Ŭϰ ߴ.   ٸ ǽ"
"383","߰ſ ","8","ϳ ǰ̶  ε, ȭ  Ų ϰ      ƽ;;"
"384","Ʈ","7",""
"385","߰ſ ","10","⿬ 丮  ƿ"
"386"," ","7"," ̷   ̾   ϰ ᱹ ƹ ͵  ʴ´ٴ   Ŀ ˰ ɱ."
"387"," ĵ ũ","10","¥ 뷫  ˰ ôµ ʹ ̰ սϴ :-)  ĳ. ⵵ ʹ ߵȰ ƿؼ ȭ ׿ ȭ մϴ. ^^"
"388"," Ʈ","10","Ʈ Ư   ִ..հԺô"
"389","355","8"," ߻ϰ پ  ϳ ǥ ϴ  վ, Ҽϰ ִ ڹ Ȳ Ҵ.     Ŀ ģ ׼Ǿ  ذ     ŭ   Ϻ  ø!"
"390","  ","8","  丮 ȿ ȭ ̾ ϰ  ذ  پ ĳ͵ ä  ſ."
"391","ŷ: ۽Ʈ Ʈ","7"," ˴ ŷǰ ޶ ¦ ƽ."
"392","Ʈ ","10","  ...  ...."
"393","߰ſ ","9","Ⱑ ʹ ǿ   ҽϴ"
"394","̴","6"," ̾߱Ⱑ  丮  ־ȿ ڿ 귯.  ȭ ߼Ҹ      ."
"395","߰ſ ","4","丮      ʹ ȵ˴ϴ.. ڸ ʿ ȭ.. ׷  ̰ܳ  ̵ ƴϾ.."
"396","Ƽ","6","ã⸦  Źΰ  ϰ ϰ    Ȧ ׼ 丮"
"397"," и׾","10"," ȭ  ϰ ǿ ⻵ϴ û̵ ȭ .  ȭ Ҹġ ȭ̴.  Ƽο Ѵ. Ƽδ ̴. ̶ ȯ Ѵ.. ҳ⿡   ?  ? ҳ⿡   ? ģ ? ҳ⿡   ? ϴ  ?   ڻ .  ȭ ϰ ִ. ׵  ƹ ͵ ƴ϶.  ׵ ſ  . ߿   ƴ϶. ҳ   ʾҴ.  ϴ  ߴ.   ͵ ߴ.  ȭ ϴ ̴.mc ´. ƴ  ϰ ΰ     ֳİ. ҳ Ѵ. ̶. . ϰ   . ϰ   .   ġ      ǹ̾ ׷  ̶."
"398","ٵ ","10"," ̷  ־ٴ!"
"399","λ̵ ƿ","9"," ټ  12 ھ̸  Ͽ    ϰ   ִ ȭ. ׷ ΰ ι  ִ ȭ."
"400"," Ʈ","10","մϴ. ϰ ƮԴϴ."
"401","߰ſ ","10"," ͸  㼼  ȭ,  ڹ  ̾߱θ º   Ҽ ȭ. ΰ   ֹ    Ҹġ  ιε ߴ."
"402"," ","10","      ϴ..     Ⱑ ƴ϶ ׳  ι ü̴.."
"403","߰ſ ","10"," ѱȭ ! ؼ   ȭ׿"
"404","Ǳ","8"," ֻ Ʈ   ƴ     ǰ ä 翴 ̾. ΰ   ϴ."
"405","Ÿ¥  ","1","¥ 3...Ÿ¥1.   ڴ"
"406","ĽƮ","10"," .. 60  ȥ ȸ ,  ҳ ٶ󺸴 ȸ  ü  Ǽҵ ϰ ִ ȭ̴.    ҷŰ  ȿ Ǹϸ Կ  Źϴ.  ִ κ ȭ ""̴""     ε,  ġְ ȭ ̶ ġ ƽ   ϳ..Ѻ ƽ    ߾  ִٴ  ü     Ϸ  ϴ.   ""Ƽ   糪"", ""鸸"",""Ҿ ""(޸)  ߰߰ ϴ ȭ  ȭν  ƾߵ .."
"407","","1"," ϰ   ϴ ε,  鼭 ̰ ޱ..?    ȭ. ߱ں  ŭ ߱  ǰ  ."
"408"," Ǿٹ","10"," ׷ 𸣰۾˹ٰ ¼ϸ ȭ ô..  վ ƶ ׽ ù ̳  ..  ׷ ü ʾƵ Ǵ   ʰھ ù κθ   ã Ͻôµ ٺ  κãҰھ"
"409","̻  ","7","ڿ   踦  ü ׸ ִ."
"410","Ÿ¥  ","1",". ȥں մϴ."
"411","񿡰","1","  ¥? ΰ ̰ ȥ   ̾ؾ ʳ? ȭ   ƴ?   ģ ü  Ȱ? ߶׸´  ǻǴ  ? Ϻ ƺ  ε?     ݾ ڰ Ϻ  Ǿִ   ȭ.. ȭ   µ ü  ִ° ǹ̴ ?   ôٰ ð Ʊ.. ƿ... 뺸"
"412","ι  ϶","7","ȭ ߸µ ΰ    縦  ־  ű   ĳ  Ҹ 縮 ͵ ?"
"413"," ݺ ũ: ť!!","2"," ׳ ׷ ."
"414","߰ſ ","2","ᰡȿ   λ ̾߱ ȭ"
"415","","8","ʹ   ӿ  ݸŭ   Ÿ  ƾ ϴ°,       ?    ٽ   ϴ ð̾ ٶ."
"416"," Ʈ","10","DC   ִ ."
"417","߰ſ ","10","Ǵ λ   ִ ȭϴ.   Ե鲲⸦  ϼż Ͽϴ.λ  λ Ͻô.ϰ  鵵 ־迪  غ Ƶ ־.ʹݺο  Ե κ ټ ƽϴ."
"418","߰ſ ","10","ھ "
"419","  ","7","  ȭ  ׼ ..   Ҵ."
"420"," ȳ ڵξ: ֵ ","2","21 ⿣ .."
"421"," ","9",""
"422","ʰ","10","  Ǯ "
"423","","6","ο  ¿   ٸ ̸    Ѱ谡   븦 Ҿ.  ȭ   ִ  ʹ Ѿ װ ִ."
"424","","8","20 ְ ڹ̵ȭ"
"425","漭","8","ֳ̾ 漭 ϴ⺸ٴ ũ Ȧ ĥ  ɸ  ַ ȴ.  ̷ Ȳ Ǿ ̷   κе Ƽ ֳ̾    ϴ ̶ ó   󰡱   ִٰ .  ȭ ٺ ι Ȳ    ְ ȴ."
"426","","2","   ߶ϴ SF 糭ȭ ˾Ҵ     Ҵ."
"427","漭","10"," ð ȿ ֳ̾  鿡   پ Ƹٿ Ҹ  ȭ ӿ ȭϿ.   ְ   ȭ ؼ ũƾ ƩƮ  ұϰ ֳ̾ 漭 Ϻϰ   ڽ̾. ׸   ȭ  ϰ  ־."
"428","߰ſ ","10","ι . . ͸ Դϴ"
"429","","10"," ã ҹ   ׾   ̾ "
"430"," ã","10","#ã   Ұ ȭ⵵     ǰ̶   ߴµ  ô...ܰ ־ (ƴ³  ٴ...) ϸ ְ ô. ִ ǰ ϸ~"
"431","   ","2"," ̾簡  ߸遶"
"432","̾ ȫ繫","10","  ̳ʵ鿡"
"433","޸ ","9","̷ΰ   ִ     ־.      θǽ ͼ ſ ش."
"434","߰ſ ","10","Ǵ 踦  ְ ׸ų, ȭ ʾƼ Ҿ. ḻ   ƴϾ Ұ.  λ  ȭ  Ư λ Ư  Ȱ ̾. ۵ ȭ հ ýϴ ϰ    "
"435","ȭ","1","ȭ ʹݺ    ȵ. Ҹ  Ҹϴ   ߾ ߴ...   ȵǳ"
"436","߰ſ ","8","λ̶ ýϴ 90 λ꿡־µ ׿ λ̶ 8帳ϴ"
"437"," Ʈ","10","Ÿ ʿ ̻    ʾ, ׷ и   ׼ǽ ȭ. ׵ ƿԴ  ȭ   ĥ  ׼ λ,    Ⱑ б̾"
"438","","7"," ְ ôµ     âǷ 븶̶  ̿ȭ 밡,     ̺  ̶  ְԺ.ENTP ϴ ȭ   / ڵ  "
"439","߰ſ ","4","ð Ƽ ôµ ųŸӿ.. ḻ ƽ  "
"440","ƹ ","1","̰ ȭ ϴ  ƹ "
"441","ĽƮ","8","׶ , ׶ , ׶ 츮."
"442","߰ſ ","7","Ƶ鷡̰  ߰ſ "
"443","߰ſ ","8","츮 λ   ȭ ƿ... ͵ ä  ģ ư   ִ ͵鸶 Ҿ 찡 ..Ű    ε..ư ȭ ʹ  ýϴ"
"444","߰ſ ","10"," ϱ  , ӿ ϰ س. ȣ  ؼ .. ͸帣  ԰ ذͰƼ  ׳ 츮  ⰰ ̶ õ"
"445"," ","10","ֿ ̸  Ұ  ݲ ׷µ ̰ź鼭 簨 Ȯ 鵵 λ̳"
"446","߰ſ ","10","ʹݿ  ޴µ ߹ݺ Ѿ鼭 վŰƿ䤾 Ǵ̾߱    λ鿩ٺ  Դϴ..  ϴ ˰־µ ´Դϴ"
"447","1987","7",""
"448","̻  ","1","뵵    𸣰ڳ׿ "
"449","߰ſ ","10"," عٴ ͸      ϳ "
"450","","8","⵵ ߴ. ׼ǽ  ϱص ־...    ׼ǽ Ⱑ .. ׳  ϰ ϰ ׼ǽ ߾ Ե ־ŰҴ. ׸ 丮  ʼ Ϸٺ  ʹ ϰ ־...  ݾ ϱ... ָϴ... ư ܼϰ 丮Ÿ ߰ ϴ°  ϰ ־ α־..."
"451","߰ſ ","4"," ʹ ְ о ȭ  ƽ.    ȭ  ǥس  ̴."
"452","Ƽ","1","ֿ ũѱ , ̶ Ȳ ϰ ϴ ġԴϴ. ϼ."
"453","߰ſ ","1","  ̵  .. ֱ  ȭ ߿  ̾"
"454","߰ſ ","10"," Ⱑ ӳ뵵  "
"455","߰ſ ","10"," Ⱑ  ..Ⱑ  ߰ 丮 ϱ  ⵵  Ұ Ⱑ  峭ƴϿФ  ϰ ϴ"
"456","  ","6",""
"457","߰ſ ","7","  ѹα Į  ȭ  ؼ . ٵ λ  ׷ Ϳ ߾ȵ鸮  ־."
"458","߰ſ ","10","ƴ ... ¥ ̷ Ȯ ͸   ̾"
"459","","7","ƴ ǿܷ     ֿε..ȭ   ־.    ̷ Ŀ ̷ ɷȴ   ȭ  ĸ  Ѱϴٺ  ̴. ̷ ȯ İ ־ Ѵ.."
"460","ƫ ǹ","8","ḻ  ȵ..  ʹ Ŵ"
"461","","10","ž ʹ ϴϱ    ؼ غ ߴµ ȭ  ž ٽ ̴  ϴ:)  ȿ Ƶ   ̰ ʹ  ڿ ̾߱⿡   ־. հ  ýϴ!!"
"462","߰ſ ","6","  ˾Ƶ? .."
"463","","8"," ΰ   Ŵ뱸̶  AI   س ̾߱  볪"
"464","ó׸ õ","10","б.    ϰ  ô   ȭ~~~  42 .    ϳ ϳ   ȭ~~"
"465","ø","10","λȭФ ¥  "
"466","߰ ̾߱","1","óڽ~ᱹ ó .̿ȭΰ. ڵ  .δ ϴ ̶ ϴٰ ó . "
"467"," Ʈ","9"," 𾾵   𾾰   ⿡ ´."
"468","漭","6","ȭ 𸣴 ̵鿡 ȭ Ҹ ŷ ִ°  ǹ  ũƾ ƩƮ  ü ŷ ϴ"
"469","ĸ  ","10",""
"470","","9","ũ ̰  ǰ? źۿ  "
"471"," Ʈ","9","ϳ °   ٸ  ø !"
"472"," ӽ","10","  ¿   ٽú "
"473","߰ſ ","10"," ݰ ͸   ⿡ ʹ"
"474","Ÿƽ 4","5","  ʿ䰡 ־.."
"475","߰ſ ","6"," ȭ  丮 ͽؼ 丮    ̶ ұ   ׳  ׳"
"476","߰ſ ","7","丮 ϰ λ긻  ˾Ƶڰ  ̵  ͸"
"477","߰ſ ","10","   ٵ 丮 ̾ ϰʹ ڿ   ڵ   īٵ"
"478","߰ſ ","10","λ ְ ȭϴ!    ְϴ!"
"479","","10"," ʹ . ּ 7 Ǵµ.׼   ڹ̵   !!!汸 ̷ ҷ Ѱ  !!!!"
"480","","6"," ʹ  Ͻŵ ܰ ΰϴ    Եó ôµ ʹ 丮, ,   ƴѰ  Ÿ ֽϴ. ׳ ƹ   ׳  ߹ݺ Ѿ ̰ 糭ȭ sfȭ а ȵǾ  ʹؼ  ȭ"
"481","漭","7"," Ȳ 漭   ʹ ǰ ȭ"
"482","߰ſ ","1","      ٸ  ȭ ̾. ֳ! װ  Ⱑ Ա   ׸    ȭ Ͽ  "
"483"," 츮","10","׸  ...."
"484","߰ſ ","10"," λ꿬 ְԴϴ.Ҽ 䳻 ªٿ ƽκе  ־  ϴºе鸸 𿩼 ¿ źϸ ҽϴ. λ  ͼ  ߾ﵸҽϴ٤"
"485","","8","Ư ° 糭Ȳ ߴ."
"486"," Ʈ","10","ܼ Ʈ ' ' ϰ, μ ׼ι   ϰ ̾Ű/Ʈ  ,   ذ踦 ˰ִ ̸ Ʈ ִ ¥ մ ȭ,  ְ ԰,  +ost ¥ е;"
"487","߰ſ ","10","  ȭ     ó ϰ .."
"488","߰ſ ","10","Ҽ  ְ Ͷ , ̾µ... 鿬Ⱑ ̷̳ ѱ ͸ȭ ƴұ ͳ."
"489","Ʈ Ƽ","3","ʹ  , ..  ʹ ԽԸ Ǯ.."
"490","߰ſ ","10"," հԺþ.å  2а ȭ   "
"491","  ԰ ;","10","OO ¥   Ф"
"492","λ Ƹٿ","10","    ƹ  λ ȭ  ϰڳ"
"493","漭","8",""
"494","","1","ⰰ ȭ ̰"
"495"," Ʈ","8","¥  Ҹ  ȭ...  Ʈǰ  ٸ ؾߵǳ  ..."
"496","߰ſ ","10","Ҽ   õ  Ժ. ù  ǰ̶° ϱ   ȭ  е  . 츦    ȭ ϼ  ش.     ѱ ϵ庸ϵ尡 õ ݰ!"
"497","߰ſ ","9","ڶ   ߸"
"498","","2","հ ߴµ ؼ ġɸ   ̶ ְ; ° ġ  سź  ׷; + ȣ  ֶ ؾ  ġ °ž"
"499"," Ʈ","9","١١١"
"500",":  ","3","10 ̻ Ⱑ ƴ..."
"501","","7"," 𼱰 ôµ?"
"502","ī ¾","10"," Ϻϰ ູ ȭ"
"503","Ʈ ","10","10  ϳ׿10̻ ׿"
"504"," Ʈ","10","  ص ְ Ʈ ȭ.  ȭ  Ʈ    Ѹ̾µ ȭ    ־ ΰ Ǿ Ʈ ΰ    ִ ȭ Ĺհ ĳ̵ 峭 ƴϴ١ ٸ ʹ  ¦  ο Ѱ        츮 ó"
"505"," ũ","6","""  Ѽ  Ѿϳ?""    ȭ. ڽ   ๮ ġϴ° 罺 ε."
"506","߰ſ ","6"," ƿ !  ׷  ȭ!  ׷ .."
"507","ƿ: ͽƮ̼","4","ֺͰ ʹ ϰ   Ȳ ..̸ ݰŲ."
"508","Ʈ ","10","߿ Ʈ  Ʈ"
"509","ĽƮ","8","  ͵鿡  ׸. ׸  ȭ ϴ "
"510","κ ԽƮ","9","  ĽԴϴ."
"511"," ","10","   ְ "
"512","߰ſ ","10","ũ~~~  ͸ ȭ !! ְ ְ ~~!"
"513"," Ĵ","1","׿. ȭ ص  ߾  ҽغ̴  ٴϤ ̵ ȭ  е ˼ؼ  ? ڰ  ʾҴٴ  ˸鼭 ȭ ȹߴ   ¥ ñ ; ȭ Ǵ 긮 е  ϸ鼭 缼 "
"514","1917","9","ũ  ̰..?"
"515","ŽƮ ","10","̰ Ƹٿ.  "
"516","߰ſ ","10","̷ ȭ 󸶸..¥   Ҹ´ٸ  "
"517"," 󿡸:  Ű","10","󿡸վ!!!!"
"518","̻  ","10","׳ ̿...Ф"
"519"," ּȸ 0","10","ϱ,ϱ,ϱ,,"
"520","߰ſ ","10"," ĳͶ ..   ϳ ¥ ٵ  ʹ  Ÿ Ÿ "
"521","񿡰","4"," ȭ ˾ Ⱥ°.缺ΰ? ְ? ƴ ? ҽ.     ."
"522","߰ſ ","6","λ   ȵ鸰.  ģ ȭ"
"523","߰ſ ","10","    ϴ ȭ..    ϳ  ϰ Ԥ ϰ е ѹ   ƾ  ¯¯,, λμ      Ф ʹ ִ ƹ ȫпԵ ߽ϴ  ʹ    ְְ"
"524","ͳν","4"," ° ҳ ȭ Ⱥ Ҽ ִ°ų   ϱ  سҳ"
"525","߰ſ ","10","  ߹ óϴ... ̰  ٸ ͸"
"526","","9","   縦   մϴ.  ü  丮 ڿ Ƶϴ.  ȭ ڸ ܿ ڶ   Դϴ."
"527","ڵ 8","1",""
"528","߰ſ ","9","   ¸ Ҵ"
"529","","1","⵵ ״ ..ḻ ¥ ⵵  ϰ ϰ ׳   ΰ ⺸ ¥ װ  ˸ Ҹ ..."
"530","߰ſ ","1","ǿ ֹ ̰Ը  ̰žƴڳ ۳Ⱝ־ǿȭ1 񽺹ϳ׻?"
"531","","10","    ϱ  ã 븮  Ƴ׿䤻 ϰ    , ׵,  Ƹٿ ;. ߴ ߾    ƾ ȭƿ."
"532","߰ſ ","10","   ͸  ."
"533","߰ſ ","10"," Ⱑ .ణ  丮 Ĺ Ϻ ޿鼭  丮 ִ  û ׼ǽ   ׼ǽ  ͸ "
"534","ͳν","3","ȭ ̱  ص ȰӴ 丮  ׹׵ ... ϼ ״"
"535","߰ſ ","10","ϳ¿¸԰ ¿ ۳Գ׿.̵ "
"536"," ,  ","10",""
"537","̻  ","9",""
"538","߰ſ ","10","  ȭ ٸ׿䳪 żմϴ"
"539"," Ű","7","   ˾ ߴ"
"540"," Ƽ","9","վ. ϰ   ִ ڹ̵ ׼. ټ  ̸ϸ ȭ ."
"541","Ŀ","10",""
"542","  źδ","8","̷ źδ̸ ȸ ٴҵ"
"543","߰ſ ","10"," ôµ ̳׿~"
"544"," ","10","ֱ 2Ⱓ  ȭ ְܿ"
"545","Ʊ Ѹ -  ","10","25⸸ ٽ ôµ뷡  ﳪ丮 ~~~~ ճ׿ ФФ"
"546","ũȦ","10",""
"547","߰ſ ","9","ֱ  ȭ ʹݿ մٰ Ĺݺΰ ƽµ  ȭ ݴ뿴.ʹݿ ι ſ ߱氰Ҵµ ߹ݺ ڱ վ.ʹݺο    Ų ξ Ű. ⵵ ϳϳ ̾"
"548","̻  ","6","ֹν,    , 丮  ϴٰ ϰ     е Ⱑ ϴٰ "
"549","߰ſ ","1"," ͸ ߴµ ־.  ü ι ʹ Ƽ ʹ 򰥸   صȉ.  Ҽ̶µ Ҽ   ص . ־"
"550","߰ſ ","5",""
"551","ũ ƿ","8","?  ̸..?  Դµ??..?"
"552"," Ʈ","8",""
"553","̻  ","6",""
"554",":  ","2","¥  ̷.  .  .  "
"555","","5",""
"556","","10","ž̶ (?)  ֻ  ִ ȭ׿. õմϴ!"
"557","  2","2","  ȭó Ƿο ˻簡ѹα  ִ..װ  ñϴ!!!!"
"558","","10"," Ƽ 10帳ϴ߹ݱ    罺ֿ Ƹٵ ̸  αٴ īŸý   丮 ġ  ϴٰ  ~ϰ    Ĺ 귯"
"559","׳̴","1","  "
"560","ŬŸ","10","峭  ôºе Ű    ũŻ ó   зɴϴ. ¾  기 µ     ׿."
"561","߰ſ ","10","ϰ   ~ 㼼  ̰ ΰ ġ Ǵ ĳͶ żϰ ֹ ȫ  鵵 źźؼ    ȭ!"
"562","ѷڽ","10","־   "
"563","߰ſ ","1","Ҽ ʹ   о׷ȭ ʹ   ߳׿"
"564","","8","ž Aڸ"
"565"," ħ","10","   Ϻ ȭ ó "
"566","̻  ","10","""ֹν  ֹν ݾҴ""   ñؼ  ȭ.  ׷ϴ...."
"567","߰ſ ","4","輺 ȭ ȭȭ ̿"
"568","÷","10","¥  λ ȭ    ƴ "
"569","","10",""
"570"," Ʈ","9","̳ ѱ̳ ε ! Ƽ 嵿?"
"571","߰ſ ","8"," ôµ, ΰ ̾ƺ ƹ"
"572","߰ſ ","10","վ Ⱑ  ҴŰƿ"
"573","߰ſ ","8","ֹ ְ 쵵   λ  ϱ    Գ       ʳ"
"574","߰ſ ","10"," ٷԴ ѱ͸ ǰ̳׿䰳ÿ Խϴ  ̾ Ұ͵ ,ȫ  ¿ ǫ ׿ ȫ  ǰ ߰ھ վ"
"575","߰ſ ","10","谩  ںе Ⱑ Ͻó׿"
"576","߰ſ ","4","̴߰ٱ⺸ ľ."
"577"," ũ","1","ְ   ε,  츮 ϰ    ڱ ⸸ ϴ  . ĳ     Ȱ  ֿ      ᱹ  븦  "
"578","߰ſ ","10"," Ⱑ Ƽ  ϸ鼭 ̷Ӱ ýϴ.   ̽ô е鲲 õ帳ϴ."
"579","ִ Ʈ","10","  ʹ¿ ̾"
"580","̻  ","4","ġ ûҳ. ֹν ⵵ ̰  츰."
"581","ͳν","1","....̤ ߾...."
"582","Ʈ޾ ٸ","8","ϸ鼭 ϴ."
"583","߰ſ ","10",""
"584"," ","10"," 7.5/ ϴ ϴ.ִ.д  ڹȭ ȭ     ϰ  Ȯ ˰ڰ Ķ   ʴ´.  ̻갡  е ٸ ǳϰηϸ .¹  ̿    з ٿ . . ̰  9൵  .  ¥ Ӥ"
"585","߰ſ ","8","׳ ð   ߽ϴ.  Ǵ ȭ   ū  µ.. ... Ӵٴ  ޾ҳ׿.^^     丮   Ž  Ǵ,ι Ⱑ ߴ ҽϴ.ô  帧 ݿ 浵 ұ.  8 ݴϴ."
"586","","10","  մϴ.    ƴѰ Ƽ 10 帳ϴ."
"587","ũ","4","߶ ĺƲ ȭ ũ  ̽ʿ⿡ ļ  Ǹ  ߴ.  ̹ ͼ  ¸ ִµα׸ ׿  뱳üǷ?"
"588","ũ翤","10","ũ翤()  ư ũ翤 翡  ģ ־ "
"589","ͳų","7","׼ǿȭ ôµ  ϴ.."
"590","漭","10"," ڷμ ٶ ׳   Ⱦ ǰ ...ֿ  ޾  ֳ̾ ؼ!"
"591","߰ſ ","10"," 谩 Ҿ  ͸   .ܿ鵵     ⿴.Ư Į  Ǵ޵   Ѵ. 丮   Ϻߴ."
"592","","10"," ¯  ϰ  ãƺ菉"
"593"," Ʈ","10","Ʈ  ٸ  Ͱ. ̴  ."
"594","׳, ٴ","10","ÿ ϸ..."
"595","","10"," ׿. λ 鿡 IMAX, 4DX ΰ  ٺýϴ.  ΰ ϴ ̷̶ Ȳ ̾߱Ⱑ ƴϾ, ̵ ſ  SFX CG س ȣ ȭϰ ڿ.  Ե "
"596","߰ſ ","7","ְ ߺýϴ"
"597","鷯 Ʈ","10","1200 6000 ̻ Ǿ."
"598","߰ſ ","10"," 丮  ƿ  ⵵ ¯̰"
"599","̵","10",""
"600",":   ","7","丮 Ұ հ Ҵ"
"601","  ͽ","6","巹   ȸ ߳.. ߰߰ ߴ ."
"602"," ","10","ι Ҵµ  ̶  󵵼۰ȣ   Ѵ..غ.   ġ  Bϴ ְ ȭ Ѵ."
"603","߰ſ ","10"," Դµ   ȭ µ  ʹ "
"604","߰ſ ","1","ü  ϴ° 簡 ȵ鸳ϴ.丮 ϰ..."
"605","漭","6","׷ ߽ϴ"
"606"," ","10",""
"607","߰ſ ","10","  ϰ ôµ..Ϳ!!԰ ְ׿.   찡 Ǵ޿ҿ ︱ ǹ̿µ  . ݱ  ߴ ο Ǵ ĳͿ. Ⱑ ƴ϶ ιε..   Ƶ   ȫ  óµ  ְ  밭 Ⱑ ʹ ~~   밭 () ߴ    ""ʶ   η ΰ̾.ڽ ϸ鼭 ٸ η ʰŵ   .̷  ϳ   θӸ Ǵ   ö ٴ ""    ̷ ΰ Ҵµ..    ￡ ׿.    CGV  ȵǼ Ǵ뿡 Դµ ʹ . ̤    ̷  ȭ  ƽ     ϴ.    õԴϴ.    !!!"
"608","̻  ","7","츮  л кθ ˾ ϴ   "
"609","","7","  ȭ   ޼ ϰ  ϸ ..ϰ  ȭ.   "
"610","ι  ϶","10"," 丮  ׸ 鼭   ҾȰ ȭϴ."
"611","߰︲","10"," ȫ    ;?  ִ ߰︲!, ,  Ϻϴ.Ư   ʹ ġδ."
"612","̺ ̽ ","10"," Ѻ  ϰ   ȭ̴."
"613"," ũ","1","ɰϰ ̾  ̷   Űİ"
"614","̻  ","10","ϴ . Ƶϰ   ȭ."
"615","߰ſ ","6"," ߰ſ   ä  ľ  ѱ ͸ "
"616","ĽƮ","10"," ٽ   ڸ ִ "
"617","߰ſ ","10"," 谩, ֹ, , ȫ ׳ Ÿ Ÿ ;;   ϳ פ  ϳ ¥  "
"618","","9"," ô    ɸ  ׷ ȭ.  ƴ϶  ̶    ̾߱."
"619"," ","2","̰   㹫ϰ   ̾ "
"620","ǽ","2","ȭǿ  ϴµ  Ű Ѵ?  ι ƴٴϴµ.  ø ǽϴ ȭ ־?. ¥ ."
"621","ڴ","2","绡 Ÿ  ũ ȭ"
"622","ڸ ","7","PTA   ʴ ̶     Ȯ"
"623"," ƴ","9","Ľ  ̰  ȣ̾..."
"624","߰ſ ","10","   ͸ ̰ ̴ٴټ ̳   ³ ߴ   ׼Ǿ  ־ 100 ̾ٵ ƽ"
"625"," Ʈ","10"," ϳϳ   ü  Ф"
"626","ݰԸ: ","10"," 10  ø ̴."
"627","߰ſ ","10","   ؼ ԰ ְ. Ư  !!  λ  ü 帧 ణ  ׵   ̴. źź ó !!"
"628","  1984","7","ƽ ε   پ..ֳ̾ Ƽ    ü.."
"629","","7"," ~~  ⿣  "
"630","߰ſ ","10"," ȭ    Ʊʾ"
"631","漭","7"," ֳ̾ 漭 ణ     ־ٸ 󸶳 ."
"632","׸ ","10"," ôٰ ޾Ƽ ٽ ó "
"633",": ٴٷ  ","10","     ȭ"
"634","߰ſ ","1","ȭ  ǹ̸ ϴ  뵵  ϰ ¼ ϴ ó  ǰԴϴ. ûҳ  ұ ˴ϴ."
"635","߰ſ ","10","ְ ְ    ģ ˿ ô   ̰  λ Ǵ ̾߱  ⵵  밭     ׸  쵵   ü  Ⱑ    ͵  ȸ "
"636","漭","9","ũƾ ƩƮ  ȭ.  پƾֳ Ϻϰ.  ϴ."
"637","߰ſ ","8","ѱ ͸ ϰ  ýϴ.    ϳ׿."
"638","зϾ : ڸ  ڵ","2","ϰŸ. ̰  ˹.ϰ ѹ. Ⱥ λ 2ð Ƴ ..."
"639","","6","翡翡翡翡"
"640","ĽƮ","10","߾￡   ĽƮ ϴ ߰ſ λ"
"641","¾  ʴ´","2","Ҿ Ÿī븦 ãƼ..."
"642","о","10"," ȭ  ٰŸ  ߴ ȭ ԰  ԵǾٿô ÿ  ⵵    Ⱑ   Ǿ~"
"643"," Ʈ","7","̿ ׼ ҽϴ. 丮 Ǯ ͵  ʾҽϴ. 鷯 ó Ʈ ó ȶ    ΰ̶  δ ҽϴ"
"644","ĳƮ ","10","  鿡  ̰ܳ Ƴ  ֱ ϴ ΰ  ɷ¿  ź԰ ڿ ȰԿ  ܽ   ־ϴ."
"645","ȭ ","10","ƴ.. ȭ ̷  ..   ̷  .. Фи   Ǹϰ 丮 սϴ. ϽŴٸ  !!!"
"646","߰ſ ","4","絵  ȵ鸮 뵵 ο"
"647","ũ翤","5","׳ ׷ ̻ ƴ 丮"
"648","߰ſ ","10","  ϳ׿ ׸ 丮  ˰ԵǴϱ §߾ ٺ հ  Ƽ  ɾִٰ  Ծ"
"649"," Ʈ","10"," ̷ ǳ 𸣰ڴ8 ׾ ƴ"
"650","ĽƮ","7","⿡   ׸  ư "
"651","  ","10","ȭ    ׷ ǰھ..?ϴ  ־."
"652"," Ʈ","8","߽ϴ.ٵ  ."
"653","׷Ƽ","9","   ҽϴ  ʹ ϴ١.."
"654","߰ſ ","10","սϴ琫䱻"
"655","߰ſ ","10"," Դϴ! ͸ ⿡ ̸  "
"656","߰ſ ","10","峭 ƴϰ  Դϴ.ںе  ߰ſ  մϴ."
"657","̻  ","10"," ż ̾ 丮  ȭϴ. ֹν    Ǹϴ...ְ ߺҽϴ."
"658","","8","׼ǵ ⵵ ⵵ ҽϴ  ׼ǿȭ"
"659"," Ҽ","8",""
"660","  ڱ","10","  ̷   ȭ  ~~"
"661","Ʈ","4","Ͻ Ǹ ô"
"662","߰ſ ","10"," ¥ ؼ  ϴ.   ִ ȭ  ߳׿."
"663","","10"," sf  ̾Ƴ´.ߴ."
"664","","1","1 Ϸδ ִ  ̴ Ʈ µ  ؾϴ  . ׷  CG  ̸ Ѵ.¥    .. ʹ ū ׸ ׸          ."
"665"," к","10",""
"666","߰ſ ","9"," ѱ  ͸  !! ż ƴ ٴ ξ Ҿ. Ǵ޿ȭ 󵵰 "
"667","߰ſ ","8","ħ Դµ ׳..  ;; ޡ.."
"668","߰ſ ","10","츮  ̼..."
"669","߰ſ ","6","  丮, ʹ  ι,  ߷ κ   巯 ̾߱  ȵǴ ϱ . õ ̿ ̾.. ƽ"
"670","߰ſ ","1","ǿ Į ϰ  ϴµ  15 ? ° ˿ ο ݺϰ Ǿ  ̰ ƹ θ¢ ۰Ÿ ӿ װ  ϰڴٰ Įθ ϴ ΰ ϰ  弾 Ե ʴ   ȭ  . ģ,  λ, ż迡 ̾ ѱ ͸ մ ?  ض ."
"671","Ư","10","ʹ 볪 fϴ  ׿  ....ȭ"
"672","߰ſ ","10"," ͸ ׼Ǻ 복     ͵ ׿ ±"
"673","߰ſ ","10",""
"674","̻  ","7","Խ]  Ļ ׳  ô. ڱ ̰ų  , CG ȿ    ̾. ׷ٰ  ʾҴ. ڷγ ñ Ư ȿ Ŭ      븰 ̾."
"675","漭","5"," Կ ø Ƽ."
"676","ϴ Ǫ ƴ ̿","8","  κе ־ ü ϰ  κ  ҽϴ."
"677"," ּȸ 0","7","丮  ƽ׿. ׼ǽ  վ!!"
"678","ƿ ","7"," ӵȴ. 㰡 Ǿ    ٽ ο  Ѱ  Ǵ "
"679"," Ʈ","10",""
"680"," Ʈ","9"," ȣ  ־"
"681","Ʈ޾ ٸ","7"," а ȴ  ڰ ִ.     ̶ ϴ   Ž ."
"682","ũ翤","8"," ְ !!"
"683","絵","9","óϵ óϴ. ˰   ۿ  ̾߱."
"684","","9","  ̵ ޴     ִ ȭ."
"685","ĽƮ","10","δ   Ÿ, ſ  ִ   ʰ Ǯ ԰ ,    ϴ"
"686","̻  ","8","  ȭ"
"687"," ","10","180404[9]ܼ  Ͱ ׷    40 ݿ ̷  ԵǴٴ|220323[10]ù ñ⿡   û   뱽   ְܾ        λ̴."
"688","","10","̺ ¤ Ҹ ȳ     ׷  µ û Ⱦ"
"689","ĽƮ","10","ΰ̶  ⿬   ̤ ȭ ϰ ູϰ  Ҿ"
"690","","5","   缭 ..?"
"691","","5","   缭 ..?"
"692","ȿ","5","ذ  ش´.      Ѵٴ "
"693","ɾ߽Ĵ","4","߽  ȸԴ°  "
"694"," ","10"," ũο Ƴ     Ұ ־..!   ؼ ˵ һ  ۿ ..."
"695","","4"," ʹ "
"696","̻  ","10","ֹν̶  Ͽ ֹν̶  "
"697","ϴ Ǫ ƴ ̿","10"," ̺     Ÿ ʿ䰡 ִµ"
"698","߰ſ ","10","Ѹ  Ǵ ͸ ƴ϶, Ǽ ִ ֺ ̾߱ ƿ. 丮 ϰ ⵵ ..    ҳ׿.  ȭ ð 𸣰 ȭýϴ."
"699","߰ſ ","10","¥⸻ʿϴٰԴϴ"
"700","߰ſ ","1","...ð Ʊ"
"701"," ͽ :  ","1"," Ʊ ð Ʊ"
"702","ڿ","10"," Ұ ,  ôµ, ô ̿  "
"703","ȤŻ: ݰ ","3","  ְڴ"
"704","ĸƾ ","6"," ȭ    ̷  ̵ ̳?"
"705","ٸ","2","  ϱ  ٸ   ðü"
"706","ģ","10"," ´ 20밡 Ǿ ´ ٸȭ30 Ա  ִ   ""ģ"""
"707"," ũ","1","̷ ڴ ū Ѵ"
"708","","1","ΰ ߿⶧"
"709","׳డ ","3"," ƽ ȭ ƽ"
"710","Ʈ","1","¥ ۾˹ΰ  ʹ ̾  ְְ ϰ  ôµ  丮 ʹ ,,, ׼ǵ ׳ ,, ׷ "
"711"," ũ","1","̵ ο ɾ...ο ӾҴ"
"712","̼","10"," 3ε ݱ ƿ  ǵƺ ȭ  ȭ ost  ȭ  ־    ϴ  δ   Ұ ôµ װ͵ ϰ  ȭ ˰Ե 3 ƴµ  100 Ѱ Ͱ׿ Ư 긮 źδԲ  δ     ̳׿ ׸  ʹ  ̷  ̷ ȭ ˰ԵȰ ū ູ̳׿ ϴ մϴ  մϴ!"
"713"," ð","10","  ȭ ̷   Ҽ ٰ 尨 ġ ־"
"714","ִ Ʈ","9",""
"715","","9","ƴ ~  ¥ ϰ   ͼ ~  µ ̶ ۿ...  ̷???  糭ȭ ~  ̴ ḻ? ̴  ԰ ְ  ôµ ~  ׷??? ̴ ḻ   ð  ϴ ~"
"716","̵ ","9","³  츮   ˾ ׻  ް Ͱ,ް ;   ׻ ܼҸϰ ġ    װ ɰ ̿     ʹ ؼ ó׿"
"717","߰ſ ","4"," ٰ Խϴ.  Ҽ վ ̳  μ 밡 ǽϴٸ ȭ   10е ȵǾ ˾ҳ׿   ٴ ...  ƽ׿.. ׷   "
"718","߰ſ ","8","ϴ հ ~ ƽ κе 翬 "
"719","ڵ","1","-  ʴ ߸ մϴ"
"720","  ","9","ȿ ¥  ̻ڴ... 跡  ߻... Ѵ ⵵ ʹ Ѵ...  ȭ ũ   ųŸӿδ ְ.. ɿ ȭ ϴ  ٸ "
"721","߰ſ ","7"," ⵵  ʾ  ̷ Ǵ   ʹ  ؿͼ  ĻϰԵ ..׸ Ϻ    ȵ鸮 ͵..ѱ ڸ  ʿ ʹ."
"722","ī","10","ٸ , ģ/ῡ  ,   ̾߱!   ?!"
"723","߰ſ ","8","ȭ ̿ ణ . ׷  å  ."
"724","ĽƮ","9","ð  װ   "
"725","Ͽ콺  ","7"," , ɷ°    Ų. Ȥ 귣忡  ܿ 밡 ̰   ."
"726","Z","10","հ ߺýϴ.   ϰ ǳ׿~"
"727","ι  ϶","6","ںпⰡ  ؿ "
"728","߰ſ ","8","丮   մϴ   縦 ġ  δ հԺó׿"
"729","Ʈ ̵ 丮","6","ÿҰ ϰ ʹ 󰡱Ⱑ ..ü .."
"730","߰ſ ","1","  ϰ 𸣰ڴ踦 0 𸣴µ簡 е ȭ ƴ"
"731",":  ","10","ȿ ä  100 "
"732","߰ſ ","9","  ͷ 躸 մ ǰ Դ. Ҽ  ù Ժ ϰ ̾߱ ϼ Ҵ. Ȥ  鿡  ̶ ĸ ٸ ̻?"
"733","߰ſ ","2","͸ȭ  ϴ Դϴ. 峭ƴմϴ.ó ϰ > ߰ ϰ >  ϰ .... װ Դϴ.. ȸմϴ.."
"734","漭","8","ռں ǻ  ̰  մϴٸ..ȭ    ..Ф"
"735","߰ſ ","10","ֱٵ ȭ   Ҵ! ׷ ׷ ȭ ᵵ ̿ 2ð  ð Ҵµ     ȭ ð 𸣰  ְ ô. Ⱑ Ư Ҹ ư ⵵ Ҵ!  ȭ ֽϴ!  ŵ ˴ϴ."
"736","߰ſ ","1","ſ 븦 ϰ  Ÿ ߽ϴ..ȭ      ̶  Ҹ ̴ ˾ƵⰡ ϴ. λ  κ ̷  Դϱ? ƴѰɷ ˰ ִµ, ȭ λù Ѵٴ  ϴ.¥ ȭ , ð ʹ Ʊϴ. ü ȭ  ,    ʽϱ?  ȭ 1 ֱ⵵ Ʊϴ.IPTV ͵  .  ð ٸ  ϼ. õԴϴ."
"737",":  ","6","ĳ ̽ , Ҽ ִٰ Ǵ¿ȭԴϴ,   Ҵٰ "
"738","","10"," 15  ּ̳  ɰ  ȭ 빫󸸻 ŷ "
"739","߰ſ ","8"," ϳ  ̶"
"740","߰ſ ","10","վ.    Ű ϱϳ ճ׿. ḻ  ƽ հԺþ"
"741","ػ罺  л 2022","1",".¥ .Ư   ¥.ǥ ϰ. ȭ ϰ ."
"742","̻  ","10","̼ۺ ֹν  Ⱑ ¥ ־"
"743","߰ſ ","7",".. ..̤ 丮  ʰ Ǵ Ȱ? ϻ? ϸ ť  ϳ׿. ġ å ϳϳ Ѿ   ƿ..  ῡ  尨 ϳ .. 丮  ⿡ ޱ ȭȯ̶..  ߽ɺ ι  .. õ    ߴµ ƽ ׷ ϰ մϴ"
"744","   ","7","1958 ȭ⿡ ſ õƴ.  ڿ  .  ׻  ̰ .  ׷..."
"745","߰ſ ","8","찡  ϵĳ"
"746","߰ſ ","10","ֿ   ϳ   ϴ.丮   ȭ  ⸸ ԵǴ ȭ ǰ   丮   ° Ͽϴ   մ ȭϴٺ Ͻôºе õ帳ϴ"
"747","Ʈ ","10","¥  ȭ    Ѱ    ȭ"
"748","Ͽ콺  ν","6","Ư ,  "
"749","߰ſ ","10","  ȭ ģ    帳ϴ."
"750","߰ſ ","10","  ׸  ħ   ư. -ӵ巹 -ǰ ϼż  ǰ  ô.ΰ õ."
"751","    ","10","û῵ȭ׿.  ޾Ҿ. õմϴ"
"752","    ","10","û῵ȭ׿.  ޾Ҿ. õմϴ"
"753","θ׿콺","10","մ ¥ ʹ ̳ "
"754","   ũ 2 ","10",". ǸŰ ʳ׿.ߺýϴ."
"755","߰ſ ","5","      ڼ ٵ"
"756","  ","8","ڹ̵   . ġ ں  ĩ ͵."
"757"," Ʈ","4","  Ʈ 3ۺ   ư ƮǺ ̾  ϴ  Ŭ ƮǺ ϰ  Ʈǿȭ  .  ̹  ܶ  ׼Ǿ    ϵ庸ϵ 繰 䳻  ⸸ ǰ.   Ӹӿ ° Ÿ ٽ̴ ׸۰ 񽺹   Ҹ."
"758","ź  ׸е ","10",""
"759","̻  ","10",""
"760","ɼ","1","Ǯ  ƽ"
"761","Ƹ","8","  ҷ  γ  ƿ佺丮 ְ  ƿ"
"762","õ ĵ","10","óɶ   ..."
"763",":  ","4"," 巯 ̻  Ͼס  ƽɷ Ϸ ־."
"764","߰ſ ","10","ѽ丮  .쿬ϳפ"
"765","̵ Ʈ","10","̵ ʹ Ⱦ ~ҽѾ̵ Բ  ư ھ~"
"766","漭","7","  ´    հ"
"767","","2","⿬ ⵵ Ǹϰ  ճ  ߴ ź  ϴ   ִ´ μų ư ִµ  νð   ٰ ̳???? ̸ ȭ ׻ հ "
"768","ĽƮ","10"," ̰ Ұָ   ִ ȭ ...  "
"769"," Ʈ","10"," ְ. ݱ Դ Ʈ ȭ ٸ ŷ ־   ʹ ſ. ɼ ʾƼ  Ϳ Ʈ..."
"770","߰ſ ","10"," λ ֳ ÷ µ"
"771","Ʈ޾ ٸ","2","߿   ʰ   鸸  Ǿٰ  ."
"772","ġ   ","4","ȭ ߿ ־... µ 3 ɸ....ֳĸ ٰ "
"773"," 2:    ī","7","ΰ ܰ ڹ̵ ϸ ǿܷ Ҵ"
"774","̻  ","8","ֹν ⸸  ϵ "
"775"," , θǽ 忡","10","  Ƹٿ ȭ  Ͱҳ׿.鿡 ÷ ٲ  κ  λ̰,  ϰ ִ ost  丮   ȳ׿Ф"
"776","߰ſ ","4","û  пȭ 21⵵ ȭ ³ ʹ  Ѱɷ ־µ.."
"777"," Ʈ","7","丮 ׳ ׷ ̴ Ҿ  ߺ"
"778","Ʈ ̵ 丮","6"," ָ ȭ."
"779","","10","ְ Ժ.     ȭ  "
"780","߰ſ ","10","2 ż谰׿!!"
"781"," Ʈ","10","־ϴ"
"782","̴:   Ȩ","10"," ̴ǵ   ְ Ʈ"
"783","߰ſ ","10","   ְٸ  ڵ鵵 Ҿ¯丮 ¯¯"
"784","̻  ","7","̳׿  ϰ  ֹν Դϴ"
"785","","8","̶ ۵ ϱ淡 󸶳 ɰѰ; ô  .. ѷ ȭ  ̷ 𸣽ó? ׷  μ CG ̻ ȭ   . ο-2012- ̾ ſ ȭ ڻ ȯ彺丮~   ֱ ȱ Ӹ    ŵ ׳ տ  CG ⿬ ⼼ ׷ ˴ϴ. ͽƮ CG׼ǿȭ ~~ ^^"
"786","߰ſ ","10","  ̷ ȭó '' Ŵ Ǿư ֹ  Ǿڱ.. ϰ  ,   ٸ ǥ   Ī! ^-^"
"787","߰ſ ","7","  ... ü Ⱑ ̰ ο ٰ  鵵 ־ ̷  ȾϽø Ͻð ø    ϴٰ մϴ е Ⱑ  ׿"
"788","߰ſ ","2"," λ Ǵ̾߱.ϴ   ?  ?  ׷   ̰,Ǵó  ǰ?  ϸ鼭"
"789","漭","6"," ׷ մ°  ʽϴ ణ ϰ   ȵǴ κе ׿"
"790","׳","10","5 Ѱ ôµ  ̴ ׳!"
"791","߰ſ ","10","  ϰ  ȭԴϴ"
"792"," Ʈ","9","  μ ׼  ȭ ϸ  ø ȵ˴ϴ ٸ ο , ͸, Ž, ߸ ̷  ũ ι Ѵٸ ʹ ؼ հ   ̴ϴ  ost ʹ ̳׿"
"793","߰ſ ","10","λ  ¥  ͸   ⵵ ǰ ʹ Ҿ ְ"
"794","߰ſ ","10"," ͸ ߴµ ̷Ա ϼ  ͸ ʹ ̿!!  Ұ͵  ƹ   ó°  ŷ ׿!!!"
"795","޸ ","9"," θǽ ڹ̵ ȭε  Ѱ ʹ  鼭 ̰ ýϴ Ư ost  Ƽ͵ ſ ȭ׿ õմϴ"
"796","߰ſ ","10"," ø  ڸ ° ͼ     ȵ鸮°  Ҵ"
"797","߰ſ ","10"," λ.   ϵ.  Ҽ ￡ ´. ̻ ϴ ͵ 鼭  Ӹ⿡ ĺ"
"798","̻  ","7","Ǹ Ժο ϸ    ḻ. Ǹ,   ִ  ̾߱  ׷. ׷  ."
"799","߰ſ ","10","  Ⱑ ϰ  ȭϴ. ̰  ̴!!!! ^^b  , 谩   ʹ Ұ ֹ Կ   ְϴ."
"800"," Ʈ","10","־"
"801"," ּȸ 0","10"," ׿..."
"802","߰ſ ","5"," ׳  ϴ Դϴ."
"803","߰ſ ","10"," ֳ׿. ȭٿ  ȭ ߺýϴ."
"804"," Ʈ","10"," Ʈ ø Ͽ  ο ̸, ׼Ǻ 丮   ǰ̳׿."
"805"," ","10","  θǽ Գ׿...ϵ ¥  ˾?"
"806","߰ſ ","1"," Ƹ??  Ҹ ݹ.ȭ ü  Ŭ .Ǵ ??? Ҹ ݹ. ġ鿡   Ҽ  ."
"807","","8"," Ȳ ׷ ߽ϴ~"
"808","߰ſ ","10","  ȭ   ʹ  ְ  ߺýϴ"
"809","  ","10"," ǻ ʹ ϰԱ׷ Ⱑ Դϴ.׸   ֹε鿡Թ̾ Դϴ."
"810","","2","̰ ص ص ʹ ߴٴ  ۿ  , ־."
"811","ī Ƴ ","9"," ణ   ֱѵ   ϴ   巯 ձ. ƾ ȭ ƿ"
"812","߰ſ ","10"," ãƿ  ͸.. ȭ ȭ  װ ٴ   ϴ Ǵ޵  ġ ̾߱.. վϴ!"
"813"," ð","2"," . ڷγ ݸ ƴϾ  Ⱥ"
"814","߰ſ ","8"," Ⱑ  ߳׿.. Ǵ޵   躸 Ǵ  Ļ      Ҿ.."
"815","漭","7","ũƾ ƩƮ Ѹ 2ð Ƽ⿣  ߾."
"816","߰ſ ","10","  Ƽ Ե 峭 ƴϿ.. , ֹ   ͵  ƹ̿    ƽϴ Ф    ͸  Գ׿"
"817","츮 ̶ ϴ ","10"," ִ ȭ  "
"818","߰ſ ","1","ƴ ̰ ȭ?!ڲ     ,׳ 輺 ȭ   ̴"
"819","ĽƮ","7","ؿ."
"820","߰ſ ","7","丮  վϴ.  Ⱑ ҽϴ."
"821","Ʋ Ʈ","10",""
"822","̴:   Ȩ","10"," ̴   ƴٴҶ "
"823","߰ſ ","10","սϴ. ͸ Ͻø  ° õ"
"824","߰ſ ","10"," ϱ ħε ְ ׿  غ ͸ ƴ϶  ʹ ҽϴ.ȭٿ ȭ   þ"
"825"," ̺","8"," ٸ 翬  ҿ ̴"
"826","߰ſ ","1"," ..."
"827","߰ſ ","5",""
"828","ܿձ 2","8","ª ׽ð  Ϻ  ä ȭ.   let it go ȭ   2  ڿ   δ."
"829","  ó","1","̷ ȣȭο ĳ  ̷  ȭ ٴ,  ɷ ȭ??"
"830","ڻ뼳","9","̷ ...    . !"
"831","","10","ϴ ! μ ׸ 3    ִ ǰ"
"832","ĽƮ","7",""
"833"," : å оִ ","10","ְϴ. ְ ǰ"
"834","߰ſ ","10"," ǰ ߰ſ..."
"835","ȳ ϸ","10","鼭 ⵵ϰ ⵵ ϰ~  ູ ȭ׿~"
"836","߰ſ ","2","丮  â̳׿.. ׳  Ư⿬ 2 ݴϴ;;"
"837"," Ʈ","8","ù ѽð    ϰ, ι° ð  ߰  ϰ, ° ð    ȭ  ͹̼ ? ǳ̰ ˴ϴ."
"838","2Դ","6","1 Ÿ  ų .ٽ ѹ   ä Ȯ  󸶴 ܼȭ Ų.  ƽ ."
"839","ڹ ư ð Ųٷ ","10","  ϰ ִ ȭ"
"840","Ʈ ̵ 丮","6","̼ Կ.  .  κ ϺϿ    ܴ 60 ״.  ־ ǰ ũ ǵ     ģ"
"841","ưư ","10","  , ܿ  ѺѺ   Ⱑ ̾ϴ"
"842","߰ſ ","7","̶ ̴   ܼѵ Ǫ  ϰ ģ. 䰡ΰϴ ȭ."
"843","̴  ","10","ʹ. ΰó ֵ  غ,  µ ̸ ó ڲ Ծ λ̶ ҸӴ ÿ ΰó  ."
"844","  ̾","3","    ̾. ÷   ϳ ذ  丮.  ڸ޵ ߰"
"845","߰ſ ","8","     .. ϵĳ..."
"846","̴:   Ȩ","7"," ⽺ ĳ ͽ ƴĳ  ʿϴ  ü.׵  Ǯ ߾  ȯѴ."
"847","߰ſ ","10","ġ 丮Ҹġ  ѹα ǿ 뱳ü"
"848","Ŀ  ","8"," ǰ   Ʒ Ҽ ΰ   . ߰    ۿ  ħ  ȴ."
"849","","1","  ߴ  ȭ ΰ ̸   ٸȭΰɷ~"
"850","Ʈ   ȣ","7","ؿ .  . Ÿϰ ŷ ĳ ݺΰ ް ȯ     賭ϰ   尡 ƽ ´."
"851","ڿ","10","ʹ վ  ѹ  "
"852","߰ſ ","9","ۼҼ Ͷ ȭ ü 丮 翬 ҽϴ. Ȯ   ΰ ĳѰŴ Ȯ  ̽ϴ.  Ӹӿ   ȭ ׳ ƴٴϴ󱸿. ĳ͵ ü Ҽ Ƣ°Ͱ Ȱ ϴ. е ʹ Ͻð Ȱ ι ߽ϴ.  Ҽ  ǿ ִٸ  ̰ڱ ʹ. , 밭 ĳ͸ ȭ ϱⰡ  ٵ!   µ ֹ  밭 ⸦ ʹ ؼ ϴ  ׳ عٴڱ īµ 밭  üϴ. Ǹ Ҵٸ,  ȿ  ƺ   ĺϰ Ҵµ..   ȭ   ⸦ ϽŴٶ  ϴ. ׸ Ÿ ͸ ȭ  ȭ  , ֳ, ̷ ε ̹ ߰ſ  ȭ  ̷ ϵ  Ͼ  ?      ̾ϴ. ż質 ٸ ͸ ȭ װͰ ޶ϴ.  ȭ  ̶ ϴµ   ͺ  , ϼ ,  Ȥ  ۵ٴ ̿   ٴ峿  ̾ϴ. ̵ ϰ Ͼϰ, ҽϴ. մϴ.ƽ ̶ ϸ..  ȭ    ߽ϴ.   ⸦ ؼ   Ҽ ü    ϴ ȭ  ʹϴ  ־µ, ׷ ҽϴ.    ѹ  ͳ׿.ư ȭ ³. ù ȭ  ߺýϴ.  Ҽ   е  ȭ  Ҽ °͵  ǰ ϴ.  ߱½  ° ƴ ߲ϰ ġ  ȭ. , ʹ ߺýϴ."
"853","߰ſ ","1","̽ .      Ҵ ð."
"854","߰ſ ","10","͸?? ؼ   ڰ   οµ,  鼭  峭. ;ϴ. õ̿!!  ϰ ϴ"
"855","߿  巡","9","Ǹϴ."
"856","߰ſ ","2","̰͵ ȭ ð Ʊ"
"857","ĽƮ","10","鿡   ĽƮ  ׸  ̾߱Ⱑ ϴ."
"858"," ũ Ƽ","10"," 𰡸 س  Ż   ǥ"
"859","ι  ϶","5","  ϴ ٻۿȭ "
"860","߰ſ ","10","  ͸ ȭ þ~ 丮  ƿ~~  ϴ~"
"861","߰ſ ","8","ó    ̸  Ǯ ư  ҽϴ.   츦 ũ   Ҿ.  ǰ!"
"862","   ʴ  ־","9","ġϰ ž  ȵǴ κ .׷  ̰  鼭 ô ι   ʹ Ƹ           .ĵ  ö ŭ ؼ ."
"863","߰ſ ","10","¥   ͸  ýϴ! е    Ϻ߰,Ư   ⿡ Ե ð  𸣰 ȭ ó׿Фд͸   е  ȭ Դϴ. õ"
"864","ũ","4","ȭ ٱ ƽþε   ü"
"865","","4"," ̱ ҵѵ ʹ ̾ϴ"
"866","Ÿ¥","8","Ȯ  º "
"867","   Ÿ...  Ҹ","10",""
"868"," ","5"," ڹ "
"869","߰ſ ","8","  θҰ  ְ!! 丮 ʹ  ϸ鼭 "
"870","߰ſ ","10"," ͸   ¼¡  ȭ ߽ϴ!  ǥ ¥  źϸ鼭 "
"871","","10","  Դϴ. ϴ  ˻    Ǵ  ŷ, ְħ  ڵ ϴ ǻȰ  Ʈ    ȭԴϴ.ȿ ⵵ ǰ.ø  ã´ٸ õ."
"872"," ","10"," Դϴ.  "
"873"," Ʈ","7"," õ 丮  (Ͽ  ⵵ ) ⼭ ΰ Ʈ ԰ ⵵ . ƽ ..   ù° Ŭ ʹ  . Ÿ 3ð̳ Ǵµ  尨ְ    ٵ Ʈ ɷɼ縶  Ŭ  ε  1ʸ . ̳ θǽ + ģ 丮  ΰ Ʈ 丮    ,,! ׷  ʰ ~"
"874","߰ſ ","1","   ȭ 鷡  Ʊϱ ȭ   ҿ ̳̿ Ͷ"
"875","漭","6"," ǻ, ̼  ߴ."
"876","Ȱ ߰","10","  ׷ ȫ  ȸ  ȭ °..߻ȣ Ǿ  ѱȭ߿ ־ ȭε."
"877","Ÿ Ʈ۽","10","ļ ҳ !  Ÿ ġ ȣǥ ǳ !"
"878","߰ſ ","10","Ҽ  а ȭ ñؼ  ù ôµ Ѹŭ Ե ְԴϴ!!"
"879","߰ſ ","10"," K͸! ͸     !"
"880","","4","̾ ʹ ؼ   "
"881","̻  ","10","'ƴ ̷ ȭ vod  Ǵµ  尡 ?' ߴµ 쿬   180 ޶ "
"882","޸ ","4","ʹʹʹ ϰ ϰ     ڰ.... 뷡 ... ڲ  ɵ"
"883","ĽƮ","9","ª ð ĽƮ  ߾  ׷  ΰ  ̳   ־ϴ"
"884","߰ſ ","1","Ҽ ְµ  밡 ȵǳ"
"885","߰ſ ","10"," մ ѱ ͸~ ȭ   µ մϴ!!"
"886","","10"," ѵ  հ ýϴ. Ⱑ  ׷ٰ ⶧ ȭ ԰  ʾҽϴ."
"887","ٽ ¾ 츮","10","ҳ     λ.     ϴ.."
"888","̻  ","10","츮Ƶ  ٽ ϰ  ȭ.."
"889","ĽƮ","10","  ȭȭ  ɾƼ    "
"890","  ","10"," Ǿ  ʹ°   ȭ"
"891","߰ſ ","10","¥ հ þ ͸ ʹ ̶ 忡 ð   ׿"
"892","߰ſ ","10"," ٶμ ڸ ôµ ͸ ̳׿ ¦ ڹͿ  ϸ վ ͸帣̴...ؿ  ڵ ҿȭ ںе Ҽ ־䤾"
"893","߰ſ ","10","ڷγ   ѱ ͸ ߿ Ʈ"
"894","߰ſ ","10"," ۰  '߰ſ ' а ȭ ´ٱ淡 û ߴµ...ߴ  밨 ״  ¥ϳ"
"895","","1"," "
"896","߰ſ ","10","  ʹ ؼ ¦ ,,, ű⿡ ٸ鵵 ⸦ ʹ ؼ  ʹ հԺ... ҿ ̷ ͸ 帣  Ⱥ»ε, ǰ հԺ....  ͸ ȭ ٸ ¥ ͸ ȭ γ . ߰ſ  å ־ ħ ȭ Դµ, ȭ  ̻ ֳ.. 2022⿡  ȭ߿  վ."
"897","ƽ, ƽ... !","8","ɵ û Żⱸ.   û ٶó  .ݵ 忡 ϴ ھ."
"898"," ","8","̵  ȭ ̱ ʹ .  "
"899","ްε","6","ι߿ ߱ ڻ ƺ ڴ ̶  ̰ 13..迪 ׷ ?ƺ׾   ̳   ƳƼ  ȵȴ"
"900","а","10","ְ οȭ  ʹ ڴ"
"901","  ڽ","4","ģ ĳ  ʹ  .λ  ھ ݸ鿡   뿡   Ʈ."
"902","ø","10"," ȭ ʹ ƿ. ¥ ̳. 鵵 ؼ 質 볪 質 "
"903","  ","5","̸ , ۰    ƽ."
"904","Ǳ","6","ǰ ȸȯ.  ΰ  ǰ ڿ ."
"905","Ÿ¥- ","4",""
"906","ĽƮ","9"," ݸ ؾ ұ?ȭ . ̵ ѱ ʱ⸦"
"907","漭","9","Ĺݺ ű ȭ ,  𸣰  긮 Ҵ."
"908","߰ſ ","10"," ¥ վ ԰ ...ΰ  ΰ  ٽ ˰ԵǴL     ȭ ׸ŭ  ִ ޽ Ա׸   ׿"
"909","߰ſ ","10"," ¥ վ ԰ ...ΰ  ΰ  ٽ ˰ԵǴL     ȭ ׸ŭ  ִ ޽ Ա׸   ׿"
"910"," ","10","   ̷ ־.."
"911","Ʋ Ʈ","10","ð 帧   ڿ ȭ"
"912","ƿͿ λ׾()","1","  ŵ    ׸   ε簡 ض ¥ ̵͵ ȭ  0 ° ϰ ϰ ƶ ̵͵ Ѱ͵ ̶ ϱ ϴ°ǰ"
"913","߰ſ ","10","  ƴ  ߳װ~!!!"
"914","","10","  㹰 ϰ ˸鼭 ž  ó,,,"
"915","߰ſ ","10","ʹ հ ýϴٹ鵵  Ⱑ ƴѺ  ż ߵ ߵǰ丮 ʰ ʹհԺþ䰭!!!"
"916","߰ſ ","10"," Ʊ ȭ׿^^"
"917","߰ſ ","10"," ̻ѹ  ͳ׿䳻 ְ cgvþ"
"918","","10","   ž  ִ ȭ"
"919","߰ſ ","6"," ųŸӿ ȭ. հ  丮 . ū  ʰ  ׷ մϴ. ٸ, ѱȭ   Ƚ ڳ׿. ƴϸ,  κи ڸ̶ . ߰߰ ϰ ϴٰ ȭ  ȵ.!!!! ¥ !!!"
"920","޸ ","10","  ۸   ʹ Ҿ OST ߵ  ϴ,,,!!!!"
"921","Ʈ","10","ǥ  ִ Ǹ    ư  ּ  . װ          .   , 츮 ̱ ʹ."
"922","","10",",  , ۿ  ȭ ԵǾ մϴ."
"923"," ","8","ϸ鼭 丮 źźѰͰƿ.հ  ýϴ"
"924"," Ʈ","8"," ׷ Ʈ Ӱ,ϰ,ܷӰ   οѴ  ˾ִ ϳ ״  ϱ?̹ Ʈ  Ʈ 鼭 Դ Ӱ ܷο ο ߺذͰĿ ⿬ Ͻõ ִ°Ͱ  ȴٹƮ  ũѸ̴"
"925","","5"," ϸ  ѷ ָӸ 糭ȭ."
"926","Ž :  ","8","ʵ ְ Ž ڳ  ʹٴϱ 㰥ܹ Ƶд ʱ..."
"927","߰ſ ","10"," ȭ  ȭ~  ̻^^120   ʴ ȭ~  !!"
"928","̶","10"," ְ ȭ ϳ"
"929","߰ſ ","10","  ְ þ  ؼ   ~~~~!"
"930"," Ʈ","9","  ϰ, ż ϴ"
"931"," ","10",", ѷ, δ, , ѱ, ī, ͱ, , Ϻ,   ھŲ   Ǯ "
"932","40  40 Ʈ","4","ö̶¼ 丮 ʹ̻ϴ"
"933","","10","¥ ְ ȭؾߵǴ ȭ̵ ϴ ȭ"
"934","߰ſ ","10","  ⿡ .    ͸ʹ ٸ  ͸ !!!"
"935","߰ſ ","10","ϰ   谩, , ֹ~ ̻^^ȭ ~~"
"936","2012","6","   帣 ǰ߿ ׳ ̰ "
"937","ڸ ","10","PTA ¯̴ ¥..."
"938"," Ʈ","10","а˻縦 óϴ  Ʈ/ 츮Ե Ʈ ʿϴ"
"939","Ʈ ","10","ô뿡 ռ ̵   ִ ǰ"
"940","߰ſ ","10"," λ ,  λ ͸!!"
"941","  ۷θ","7","   ư  "
"942","","7","  ʾҴµ..?      ȭ"
"943","߰ſ ","10","Ⱑ 峭 ƴ... 丮  źźؼ 뺸 ξ ְ       ͸   "
"944","׺","1","Ͽ ε  ڽ ~  ε   ƽþε ϸ鼭   ϻ ߼  "
"945","Ÿ з","8"," ̻ վϴ"
"946","߰ſ ","10","ӵ ִ 2ð ųŸӿ ѱ  ͸"
"947","߰ſ ","1","ȳ⵵  Ӹ  񺭺 ִ ٸ..."
"948"," Ʈ","10","   ô. ι  ϱ 3ð¥  ָѵ, 1  ! ũƮ 3  Ʈ ϳ Ƴ . ٵ  ٽ̴ ϴ°  Ʈ ɾ!"
"949","߰ſ ","10","Ӱ ̰  Ͼ  𸣰ڴ.  ̱ߴ."
"950","ġ   ","10","  Ҽ ī ȭ  쿩ó, ġ ǳ ȭ ȭ   Ի. Ҽ ī ȭ ĭٷ ־а; Ұ, ġ  ȭ   .  پ ȭ  ȭ  õ  Ǹϰ ٰ .   ȭ ҿܹʰ   ̰  ȭ  .  ̹ ΰ ű⼭ ̽ ҳ ̹ µ  쿩 پ ȭ   ׷  ."
"951","̺  ī","7"," ȭ ´"
"952","","10"," վ ￡ ũ   ȭ ü"
"953","Ÿ ","1","ǼΰͰ°Ժҹڹۿ亹ֽĵ̳ηִµ"
"954","ũ Ʈ","10","Ŀ ̸ ӻ̳.. Ʈ .."
"955","߰ſ ","4","¥ ̾,  װ Ѹ ´? , Į ¾Ƶ װ Ǵٰ ̴ٿ ֿ cgv 1ȸ  10 "
"956","","2","ְ ڸ޵ ȭ!!"
"957","߰ſ ","9","  ׳ پ˾Ҵµ  ߸ϴ ⵵ ϰ ð   ȭ  ϰ ôµ ǿܷ վϴ. .κ  ϰ  ణ λ ƴ ׷  ϰ մϴ.  ˹پƴ ¥ Դϴ."
"958","߰ſ ","10"," ͸  .  ⵵ ̰ Ҽ ̶ ׷ 丮 ¯¯"
"959"," Ʈ","8","ϴ  Ʈ"
"960"," Ʈ","1","  OST Ҵٰ??"
"961"," Ʈ","8","öϰ ׵   ׸ ü 翡 Ѵ."
"962","ĵ  ڸ","10","  ȭó׿~ Ф"
"963","","3","鼳    ."
"964","߰ſ ","10","  ϳε  ġ ϴ..   ۰   ´ ȭ"
"965"," ","6","  ̴ Ƹٿ "
"966","漭","7","ֳ̾,    ڽ̿."
"967",":  ","7","ȭ ɼ ȿ Ǻΰ  Ͽ "
"968","̳Ÿ","6","¸ 丮 ̳ "
"969","߰ſ ","10","ڵ    ϳ׿.   մϴ."
"970","߰ſ ","10","Դ   帣  帣 ʿؼ ̾߱    Ѵ. ͸    ȫ   Ȥڰ .  ó, ,    پ. 帣   ٸ Ѵٰ ܸѴٰ ؼ  ʴ ǰ  ӿ ư ִ       ִ. õ  Ǹ ̴."
"971"," ","10","ְ ʹ ̻.    ִ   "
"972","̻  ","10","ʵ̿   ýϴ"
"973","","2","ȣ TV󸶰  ̴."
"974"," ּȸ 0","10"," Ÿ.... ...."
"975","λ̵ ","10","޼ӿ ̰  ϰڴ"
"976",":  ","4"," ?? ټҳེ  ȭ  ʾҴ"
"977","漭","8","ȭ   ϰ ִ  "
"978","λ Ƹٿ","10","ڻ簡     Ҹ̾.  ."
"979"," ð","1","? ? ̷? ? 1  ƴϳ?"
"980","","1","ʹʹ پϰ ϰ ϴ. ׷  ."
"981"," ð","8"," ǵ  صǳ  δ   ~~ᱹ   ƽ׿"
"982","Ʈ: ","4","Ʈ 3 ɷϰʹ...  ǹ̴ ִ ̶ ."
"983","̾ ҵ","8","     ִ ȭ...  ʰ   ̲ ...  б"
"984","Ź ϳ ","6","ũ ̺ 󱼸 վ"
"985","ζ","10"," 긮 "
"986","ģ","10","   ݵ  ʴ ȭ"
"987"," Ÿ","10","ȭ ߿ ģ  ϴ ȭ"
"988"," ũ","10","ΰ  ذ..ᱹ   ص ڽ ϰ  θ ̴."
"989","Ź̼Ҹ","10","' Ϸ ȭ  ô.'  ȭ ְ,      ɵ ٽ ãƺ Ǵ ȭ ִ. ȭ <Ź̼Ҹ> ڴ.  ︲ ִ ȭ."
"990","߰ſ ","10"," ؿºմϴ ٸеվ"
"991","߰ſ ","10","ƴ Ǵ޵ ̷ 縦  Ǵ°?  Ǵ ̾߱ϴ.  οµ~  ׿!"
"992","߰ſ ","10"," մϴ."
"993","ǳ ","8"," ī ȭ ڱ ϴ    ٱ   ."
"994"," ų","9","ȭ  Ⱑ ǰ±."
"995"," ","4"," 1...μ ~"
"996","","1","߱ ں  渮 ȭ  Ǵ  ȭ"
"997","̵ ׸ 丶","10","λȭ õ̿ 30⸸ ٽ  ̳׿"
"998"," ","1","ȭ. ڴ ڿ ؼ ູ ִٴµ. ġ ڴ    ȭ   . ̷ ⵶ ʹȾ."
"999","","1","ĵ ̷  ι (Ҹ ׳ )   ΰ Ƶ ⸦ ϴ ְ Ѹ ,׷Ƽ ο ۿ ô       ϰ,2012, ο, ׷Ƽ, ͽڶ ϰ ø ūϳϴ."
"1000","߰ſ ","10","ѱ Ҽ ȭ ̰ ξ!!   !"
